condition,level,psnr,ssim,l1,input_psnr,input_ssim,input_l1,n,psnr_gain,ssim_gain
clean,none,inf,0.9985934800528544,0.00038182363497907116,inf,1.0,0.0,3669,,-0.0014065199471455792
salt,low,26.454712897368562,0.849814403557459,0.03575853575437319,20.148735911425728,0.587967254796123,0.015013920405966429,3669,6.305976985942834,0.26184714876133597
salt,medium,26.423384674760555,0.8485955381367439,0.03589775650814058,15.893617468589852,0.3226255527201255,0.039963870248626576,3669,10.529767206170703,0.5259699854166184
salt,high,26.357608285448016,0.8455938265543927,0.036175206561747233,13.157253236528897,0.1896469378425075,0.07501018006109873,3669,13.20035504891912,0.6559468887118852
salt,all,26.41190195252571,0.8480012560828653,0.03594383294142033,16.399868872181493,0.366746581786252,0.04332932357189725,11007,10.012033080344217,0.4812546742966132
blur,low,26.29795609263901,0.8432707468148765,0.0365296726755475,34.05726393083358,0.9576147675644185,0.012839200262220931,3669,-7.7593078381945695,-0.11434402074954209
blur,medium,26.445175428486674,0.8412932955656626,0.03607492616898148,28.060404449758167,0.8412716901572013,0.02598805939037486,3669,-1.6152290212714924,2.1605408461300435e-05
blur,high,25.79429101099205,0.7999768317899186,0.038482682315927656,25.316505793428252,0.7312138521742775,0.036172142090886615,3669,0.4777852175637989,0.06876297961564115
blur,all,26.179140844039246,0.8281802913901526,0.037029093720152215,29.14472472467333,0.8433667699652991,0.0249998005811608,11007,-2.9655838806340853,-0.015186478575146545
occlusion,low,23.814667838962958,0.7964609041302365,0.043782634390461116,16.703353793720485,0.8607289065259391,0.044427736422045144,3669,7.111314045242473,-0.06426800239570263
occlusion,medium,22.2647739318386,0.7545405951044026,0.05007651052520219,13.290729126835362,0.7253816348228185,0.0892716399902916,3669,8.974044805003238,0.029158960281584156
occlusion,high,20.494229875815666,0.6903287967371011,0.060136155510901526,10.78448533024116,0.53563973896508,0.1554131995476366,3669,9.709744545574505,0.15468905777202113
occlusion,all,22.19122388220574,0.7471100986572468,0.05133176680885494,13.592856083599003,0.7072500934379459,0.09637085865332445,11007,8.598367798606738,0.03986000521930089
ALL corrupted,all,24.927422226256898,0.8077638820434215,0.04143489782347583,19.71248322681794,0.639121148396499,0.05489999426879417,33021,5.214938999438957,0.1686427336469225
ALL,all,inf,0.8268468418443649,0.037329590404626155,inf,0.6752090335568491,0.04940999484191475,36690,,0.15163780828751572
