condition,level,w_identity,w_salt,w_blur,w_occlusion,entropy,w_max
clean,none,0.9730109128584229,2.8560567481127998e-05,0.0017315534080889349,0.0252289739942534,0.12063108152400476,0.9731068026632859
salt,low,0.07706416585325533,0.9200787860468643,7.217658326529463e-08,0.002856975546174244,0.2307720484166858,0.9226364042233238
salt,medium,0.024334111424243195,0.9751272004480485,2.29455493936476e-08,0.000538666151443,0.10519427733212043,0.9751272004480485
salt,high,0.0104597072762344,0.9894777647998619,7.971054163088841e-10,6.252761799908754e-05,0.05684580646138501,0.9894777647998619
salt,all,0.03728599485124431,0.9615612504315916,3.197307935841704e-08,0.001152723105205444,0.1309373774033971,0.9624137898237447
blur,low,0.787593050853015,2.4442160789301145e-07,0.2013127146195849,0.01109399027015956,0.5492547043997964,0.787593050853015
blur,medium,0.5503141261001606,4.550251509699068e-08,0.4442770271177479,0.005408802145525243,0.7000249729685447,0.5741166969140371
blur,high,0.4636791797969607,5.652337763900497e-08,0.5313210034604358,0.004999760987818887,0.7048252433351614,0.57356338863738
blur,all,0.6005287855833787,1.1548250020966903e-07,0.3923035817325895,0.007167517801167897,0.6513683069011675,0.645091045468144
occlusion,low,0.5212938442367336,2.8145575183366545e-05,3.350170108832137e-05,0.4786445087171699,0.6631947610497833,0.5956376472913981
occlusion,medium,0.3837559510882397,5.692819630761807e-05,1.8843481242552938e-05,0.6161682776523956,0.6453008798186348,0.6345112147172682
occlusion,high,0.27205796422206857,0.00015420117010528372,1.344122369691374e-05,0.7277743934399102,0.5753381600916694,0.7280821380611335
occlusion,all,0.3923692531823473,7.975831386542278e-05,2.1928802009262683e-05,0.6075290599364919,0.6279446003200292,0.6527436666899333
