epoch,train_loss,train_acc,lr,val_loss,val_acc,val_macro_f1,epoch_s
1,0.23652589228004217,0.9167798913043478,0.0005491522667766103,0.25055816769599915,0.9225543737411499,0.9211564917345121,16.917741500001284
2,0.08674304448473065,0.9714673913043478,0.0005466142936636629,0.05220426619052887,0.97826087474823,0.9782602274405553,6.509677499998361
3,0.0589016628826199,0.9792798913043478,0.0005424017281093611,0.04843351989984512,0.9823369383811951,0.9823336952267003,6.517173999993247
4,0.04849988952248722,0.9833559782608695,0.0005365405419811673,0.14051254093647003,0.9538043737411499,0.9534523809523809,6.560591400004341
5,0.05785170459168275,0.9823369565217391,0.0005290668714406038,0.03513988107442856,0.9864130616188049,0.9864114380243413,6.56927330000326
6,0.030933986738091335,0.9891304347826086,0.0005200267941518011,0.04140336439013481,0.9864130616188049,0.9864030031627797,6.566793999998481
7,0.04550004257306801,0.9867527173913043,0.0005094760451973754,0.03666902333498001,0.989130437374115,0.9891000891000892,6.569721799998661
8,0.030306922985524263,0.9901494565217391,0.0004974796734531106,0.03622325509786606,0.989130437374115,0.9891178091167667,6.5731204000039725
9,0.029522194362589686,0.9884510869565217,0.0004841116405400085,0.048480045050382614,0.9850543737411499,0.9850409820920453,6.596663600008469
10,0.03466190492453398,0.9901494565217391,0.0004694543648263005,0.022740298882126808,0.9932065010070801,0.9932060702285567,6.610457399990992
11,0.027187299044073923,0.9904891304347826,0.00045359821329080054,0.0315096490085125,0.991847813129425,0.9918468628146048,6.602905099993222
12,0.028337029693711487,0.9904891304347826,0.0004366409443804301,0.02393897995352745,0.9932065010070801,0.9932064715742526,6.57518450000498
13,0.027689800884969452,0.9925271739130435,0.0004186871052968859,0.018941517919301987,0.991847813129425,0.9918478260869565,6.58769200000097
14,0.02781618500707934,0.9901494565217391,0.00039984738742837535,0.02499973773956299,0.99048912525177,0.9904873743528386,6.589999799994985
15,0.024278174409435294,0.990828804347826,0.0003802379439003997,0.04709983244538307,0.98097825050354,0.9809580130100533,6.5993473999988055
16,0.021901916658110997,0.9942255434782609,0.00035997967345311057,0.01927509345114231,0.9945651888847351,0.9945650568601389,6.6072832999925595
17,0.02398345206102417,0.9915081521739131,0.000339197475060374,0.022477442398667336,0.9959239363670349,0.9959238829445515,6.604461599999922
18,0.01904885282578028,0.9932065217391305,0.0003180194778860635,0.016199057921767235,0.9945651888847351,0.9945650568601389,6.610483099997509
19,0.025470059403628315,0.9901494565217391,0.00029657625132515736,0.03468215465545654,0.99048912525177,0.9904856879039704,6.607680400004028
20,0.02285894461269693,0.9932065217391305,0.00027499999999999996,0.026663726195693016,0.98777174949646,0.9877716488336545,6.602367900006357
21,0.017169546723143077,0.993546195652174,0.0002534237486748426,0.021790655329823494,0.9945651888847351,0.9945650568601389,6.602401899988763
22,0.01761016929009676,0.9938858695652174,0.00023198052211393654,0.03642689064145088,0.989130437374115,0.989129150419473,6.604595900003915
23,0.019696633971761912,0.993546195652174,0.000210802524939626,0.023850217461586,0.99048912525177,0.9904890602039536,6.612695200004964
24,0.01743971442667079,0.9952445652173914,0.00019002032654688944,0.0206909216940403,0.9959239363670349,0.9959238829445515,6.623310099996161
25,0.013561858166371088,0.9942255434782609,0.00016976205609960029,0.019752230495214462,0.991847813129425,0.9918328966885631,6.608416600007331
26,0.014585592083439342,0.9949048913043478,0.0001501526125716246,0.014591075479984283,0.9959239363670349,0.9959238829445515,6.61740689999715
27,0.01891359927875506,0.993546195652174,0.00013131289470311405,0.013610724359750748,0.9959239363670349,0.9959238829445515,6.625903799998923
28,0.012786207344818293,0.9962635869565217,0.0001133590556195699,0.01236639078706503,0.9972826242446899,0.9972826086956521,6.637811099993996
29,0.00670378840131098,0.9972826086956522,9.640178670919951e-05,0.0182235985994339,0.9932065010070801,0.9932060702285567,6.628228400004446
30,0.012254932312909817,0.9955842391304348,8.054563517369943e-05,0.013805792666971684,0.9945651888847351,0.9945650568601389,6.607229600005667
31,0.00890290641156911,0.9962635869565217,6.588835945999147e-05,0.013047946617007256,0.9959239363670349,0.9959238829445515,6.610757400005241
32,0.008458402090147265,0.9972826086956522,5.2520326546889455e-05,0.013939677737653255,0.9959239363670349,0.995923642137134,6.614819399997941
33,0.008869507991735389,0.9952445652173914,4.052395480262463e-05,0.0164626594632864,0.9972826242446899,0.9972826086956521,6.62199509999482
34,0.009589635504317297,0.9966032608695652,2.9973205848198844e-05,0.013743706047534943,0.9959239363670349,0.9959238829445515,6.617052999994485
35,0.008301539010062697,0.9976222826086957,2.0933128559396138e-05,0.013676571659743786,0.9959239363670349,0.9959238829445515,6.6227253999968525
36,0.004208056023107138,0.9983016304347826,1.3459458018832772e-05,0.01495339721441269,0.9972826242446899,0.9972826086956521,6.621247300005052
37,0.004844017695770321,0.9972826086956522,7.598271890638943e-06,0.015102523379027843,0.9959239363670349,0.9959238829445515,6.6052055999898585
38,0.008508951755530965,0.9972826086956522,3.385706336337142e-06,0.015209720470011234,0.9959239363670349,0.9959238829445515,6.607973099991796
