condition,level,n,input_psnr,input_ssim,task3_psnr,task3_ssim,task1_psnr,task1_ssim,task2_oracle_psnr,task2_oracle_ssim,task2_pred_psnr,task2_pred_ssim
clean,none,3669,inf,1.0,59.03640376725487,0.999484715766496,27.28772251662522,0.8489130361345296,inf,1.0,inf,0.9985934800528544
salt,low,3669,20.148735911425728,0.587967254796123,27.023257576044912,0.8638872185498111,27.271309157813658,0.8478395762447442,26.45471289736856,0.849814403557459,26.45471289736856,0.849814403557459
salt,medium,3669,15.893617468589852,0.3226255527201255,26.61805582839288,0.8541881559524785,27.209206396827064,0.8444368821068985,26.423384674760555,0.8485955381367439,26.423384674760555,0.8485955381367439
salt,high,3669,13.157253236528897,0.1896469378425075,26.452999972231417,0.8488797736317366,27.018541282514487,0.8356326182780782,26.357608285448016,0.8455938265543927,26.357608285448016,0.8455938265543927
salt,all,11007,16.399868872181493,0.366746581786252,26.698104458889738,0.8556517160446754,27.166352279051736,0.8426363588765736,26.41190195252571,0.8480012560828653,26.41190195252571,0.8480012560828653
blur,low,3669,34.05726393083358,0.9576147675644185,33.072039283176444,0.9495415999636594,27.44101952349792,0.8485833217838409,26.29795609263901,0.8432707468148765,26.29795609263901,0.8432707468148765
blur,medium,3669,28.060404449758167,0.8412716901572013,28.74499819473013,0.8736408777671018,27.350186297275545,0.842465997067158,26.445175428486674,0.8412932955656626,26.445175428486674,0.8412932955656626
blur,high,3669,25.316505793428252,0.7312138521742775,27.05724299158703,0.8127977500156149,26.29123260007304,0.7891494334475095,25.79429101099205,0.7999768317899186,25.79429101099205,0.7999768317899186
blur,all,11007,29.14472472467333,0.8433667699652991,29.624760156497867,0.8786600759154587,27.0274794736155,0.8267329174328362,26.17914084403925,0.8281802913901526,26.17914084403925,0.8281802913901526
occlusion,low,3669,16.703353793720485,0.8607289065259391,23.901329670331886,0.8860908692784386,24.420857952738626,0.802987463096079,23.78634598717179,0.7960192130806986,23.81466783896296,0.7964609041302365
occlusion,medium,3669,13.290729126835362,0.7253816348228185,22.502162123155323,0.8103152083892463,22.52763359603196,0.7568483874709445,22.2647739318386,0.7545405951044026,22.2647739318386,0.7545405951044026
occlusion,high,3669,10.78448533024116,0.53563973896508,20.254757958363044,0.7072907882153939,20.404086009784823,0.6854803531866497,20.494229875815662,0.6903287967371011,20.494229875815662,0.6903287967371011
occlusion,all,11007,13.592856083599003,0.7072500934379459,22.219416583950085,0.8012322886276929,22.45085918618513,0.7484387345845578,22.18178326494202,0.7469628683074008,22.19122388220574,0.7471100986572468
ALL corrupted,all,33021,19.71248322681794,0.639121148396499,26.180760399779228,0.8451813601959424,25.54823031295079,0.8059360036313226,24.924275353835657,0.8077148052601395,24.927422226256898,0.8077638820434215
ALL,all,36690,inf,0.6752090335568491,29.466324736526794,0.8606116957529977,25.72217953331824,0.8102337068816432,inf,0.8269433247341256,inf,0.8268468418443649
