entry,id,condition,level,severity,true,pred,p_clean,p_salt,p_blur,p_occlusion,input_psnr,input_ssim,input_l1,oracle_psnr,oracle_ssim,oracle_l1,pred_psnr,pred_ssim,pred_l1,ssim_drop,l1_increase,psnr_drop
17380,chihuahua_6,clean,none,0.0,0,2,0.31319114565849304,1.5374251233879477e-05,0.6867497563362122,4.362641629995778e-05,inf,1.0,0.0,inf,1.0,0.0,17.089677810668945,0.6428739428520203,0.10154373198747635,0.35712605714797974,0.10154373198747635,
24180,keeshond_41,clean,none,0.0,0,2,0.13205744326114655,1.5734191038063727e-05,0.8678765892982483,5.019886157242581e-05,inf,1.0,0.0,inf,1.0,0.0,18.705814361572266,0.736659049987793,0.08469133824110031,0.26334095001220703,0.08469133824110031,
350,Abyssinian_33,clean,none,0.0,0,2,0.20941296219825745,4.4566626456798986e-05,0.7903161644935608,0.00022632798936683685,inf,1.0,0.0,inf,1.0,0.0,21.270597457885742,0.7411991357803345,0.06796363741159439,0.2588008642196655,0.06796363741159439,
5450,Egyptian_Mau_60,clean,none,0.0,0,3,0.013709794729948044,0.0002010299067478627,1.5318873920477927e-06,0.9860876202583313,inf,1.0,0.0,inf,1.0,0.0,16.606666564941406,0.7483706474304199,0.07363913208246231,0.2516293525695801,0.07363913208246231,
33300,shiba_inu_54,clean,none,0.0,0,2,0.11318298429250717,1.227856228069868e-05,0.8867823481559753,2.2407984943129122e-05,inf,1.0,0.0,inf,1.0,0.0,21.437389373779297,0.7825819849967957,0.07257752865552902,0.21741801500320435,0.07257752865552902,
250,Abyssinian_232,clean,none,0.0,0,2,0.3927258551120758,7.975137123139575e-05,0.6070788502693176,0.00011558517144294456,inf,1.0,0.0,inf,1.0,0.0,26.887359619140625,0.8004676103591919,0.033449482172727585,0.1995323896408081,0.033449482172727585,
33690,shiba_inu_9,clean,none,0.0,0,3,0.4238591194152832,0.00012209660781081766,5.678019442711957e-05,0.5759620070457458,inf,1.0,0.0,inf,1.0,0.0,27.625272750854492,0.8367759585380554,0.026639243587851524,0.16322404146194458,0.026639243587851524,
10640,Siamese_82,clean,none,0.0,0,2,0.040269237011671066,4.5123251766199246e-05,0.9595708847045898,0.00011477703810669482,inf,1.0,0.0,inf,1.0,0.0,21.63875389099121,0.8477219939231873,0.06003335490822792,0.15227800607681274,0.06003335490822792,
24830,leonberger_191,clean,none,0.0,0,2,0.136111319065094,7.646655285498127e-05,0.8636170029640198,0.00019526417599990964,inf,1.0,0.0,inf,1.0,0.0,29.387863159179688,0.8528998494148254,0.024888774380087852,0.14710015058517456,0.024888774380087852,
21070,great_pyrenees_31,clean,none,0.0,0,2,0.4814026355743408,4.572936086333357e-05,0.5184910893440247,6.0581562138395384e-05,inf,1.0,0.0,inf,1.0,0.0,28.846834182739258,0.8547216653823853,0.026605764403939247,0.14527833461761475,0.026605764403939247,
22540,havanese_74,clean,none,0.0,0,2,0.41857191920280457,4.3329022446414456e-05,0.5811294913291931,0.0002552543010096997,inf,1.0,0.0,inf,1.0,0.0,25.348617553710938,0.8556638360023499,0.03749549016356468,0.14433616399765015,0.03749549016356468,
5900,Maine_Coon_239,clean,none,0.0,0,2,0.13590946793556213,2.426136052235961e-05,0.8640221357345581,4.4103591790189967e-05,inf,1.0,0.0,inf,1.0,0.0,26.688547134399414,0.8577027916908264,0.034879863262176514,0.14229720830917358,0.034879863262176514,
32070,scottish_terrier_33,clean,none,0.0,0,2,0.4779874086380005,3.7642013921868056e-05,0.5218994617462158,7.544722757302225e-05,inf,1.0,0.0,inf,1.0,0.0,27.68759536743164,0.8716960549354553,0.02940022014081478,0.12830394506454468,0.02940022014081478,
8120,Ragdoll_265,clean,none,0.0,0,2,0.03474636375904083,4.592106779455207e-05,0.9651597738265991,4.7937242925399914e-05,inf,1.0,0.0,inf,1.0,0.0,24.92018699645996,0.8725789189338684,0.03549140691757202,0.1274210810661316,0.03549140691757202,
15800,beagle_97,clean,none,0.0,0,2,0.07197422534227371,2.447703263896983e-05,0.9279229640960693,7.839794852770865e-05,inf,1.0,0.0,inf,1.0,0.0,25.909072875976562,0.8806620836257935,0.03767358884215355,0.11933791637420654,0.03767358884215355,
33710,shiba_inu_91,clean,none,0.0,0,3,0.4516189396381378,0.00034409109503030777,7.921428186818957e-05,0.547957718372345,inf,1.0,0.0,inf,1.0,0.0,27.202640533447266,0.8867366909980774,0.025361238047480583,0.11326330900192261,0.025361238047480583,
19720,english_setter_90,clean,none,0.0,0,2,0.18976785242557526,4.81470488011837e-05,0.8099506497383118,0.0002333139127586037,inf,1.0,0.0,inf,1.0,0.0,25.177881240844727,0.8885173201560974,0.038915812969207764,0.11148267984390259,0.038915812969207764,
19600,english_setter_8,clean,none,0.0,0,2,0.4369634985923767,5.618335126200691e-05,0.562169075012207,0.0008112224750220776,inf,1.0,0.0,inf,1.0,0.0,27.30125617980957,0.8888643980026245,0.02916410006582737,0.11113560199737549,0.02916410006582737,
17260,chihuahua_49,clean,none,0.0,0,2,0.34543120861053467,0.00015715559129603207,0.6542342305183411,0.0001773863477865234,inf,1.0,0.0,inf,1.0,0.0,32.88636016845703,0.8898394107818604,0.016160042956471443,0.11016058921813965,0.016160042956471443,
16670,boxer_86,clean,none,0.0,0,2,0.48143601417541504,1.3077024050289765e-05,0.5185270309448242,2.3958555175340734e-05,inf,1.0,0.0,inf,1.0,0.0,26.556304931640625,0.8904385566711426,0.03280242159962654,0.10956144332885742,0.03280242159962654,
28690,pomeranian_89,clean,none,0.0,0,2,0.4047943949699402,0.00017954601207748055,0.5947522521018982,0.00027377496007829905,inf,1.0,0.0,inf,1.0,0.0,30.399707794189453,0.8910757303237915,0.02216220647096634,0.1089242696762085,0.02216220647096634,
28210,pomeranian_45,clean,none,0.0,0,2,0.0838799998164177,5.445086208055727e-05,0.9159961938858032,6.937220314284787e-05,inf,1.0,0.0,inf,1.0,0.0,28.79035186767578,0.8995439410209656,0.025699904188513756,0.10045605897903442,0.025699904188513756,
21060,great_pyrenees_30,clean,none,0.0,0,2,0.08224476128816605,3.321500844322145e-05,0.9176435470581055,7.844335777917877e-05,inf,1.0,0.0,inf,1.0,0.0,28.454875946044922,0.9056611657142639,0.027554096654057503,0.09433883428573608,0.027554096654057503,
3070,Bombay_213,clean,none,0.0,0,2,0.002505331300199032,4.019339939986821e-06,0.9974852800369263,5.408613105828408e-06,inf,1.0,0.0,inf,1.0,0.0,27.781932830810547,0.9075266718864441,0.029128722846508026,0.09247332811355591,0.029128722846508026,
7890,Ragdoll_210,clean,none,0.0,0,2,0.23049193620681763,8.625828922959045e-05,0.7691561579704285,0.0002656942524481565,inf,1.0,0.0,inf,1.0,0.0,28.234548568725586,0.9085568189620972,0.028556600213050842,0.09144318103790283,0.028556600213050842,
4010,British_Shorthair_265,clean,none,0.0,0,2,0.4891297519207001,0.00012556267029140145,0.5106051564216614,0.00013952917652204633,inf,1.0,0.0,inf,1.0,0.0,32.07851028442383,0.9086965322494507,0.018379157409071922,0.09130346775054932,0.018379157409071922,
22370,havanese_59,clean,none,0.0,0,2,0.024351902306079865,2.665515239641536e-05,0.9755873084068298,3.422589725232683e-05,inf,1.0,0.0,inf,1.0,0.0,29.006004333496094,0.9097560048103333,0.025667861104011536,0.09024399518966675,0.025667861104011536,
25270,leonberger_50,clean,none,0.0,0,2,0.42191943526268005,7.473121513612568e-05,0.5778229832649231,0.00018280665972270072,inf,1.0,0.0,inf,1.0,0.0,29.954708099365234,0.9191511273384094,0.02215028554201126,0.08084887266159058,0.02215028554201126,
8020,Ragdoll_255,clean,none,0.0,0,2,0.4988723695278168,9.818980470299721e-05,0.5008248686790466,0.00020464512635953724,inf,1.0,0.0,inf,1.0,0.0,30.601665496826172,0.9207015633583069,0.02063138410449028,0.07929843664169312,0.02063138410449028,
11030,Sphynx_239,clean,none,0.0,0,2,0.18977540731430054,0.00012010450882371515,0.80998295545578,0.00012152025738032535,inf,1.0,0.0,inf,1.0,0.0,31.118776321411133,0.9208810329437256,0.019998082891106606,0.07911896705627441,0.019998082891106606,
15560,beagle_75,clean,none,0.0,0,2,0.0526154525578022,1.4072219528316054e-05,0.9473180174827576,5.248927482170984e-05,inf,1.0,0.0,inf,1.0,0.0,27.801591873168945,0.9222785234451294,0.027286259457468987,0.0777214765548706,0.027286259457468987,
7020,Persian_264,clean,none,0.0,0,2,0.16609349846839905,9.797959501156583e-05,0.8336653709411621,0.00014311744598671794,inf,1.0,0.0,inf,1.0,0.0,29.49519920349121,0.9233376383781433,0.024343034252524376,0.07666236162185669,0.024343034252524376,
20950,great_pyrenees_200,clean,none,0.0,0,2,0.45734065771102905,8.021786925382912e-05,0.5420457720756531,0.0005334031884558499,inf,1.0,0.0,inf,1.0,0.0,32.033992767333984,0.9246649742126465,0.01686948724091053,0.07533502578735352,0.01686948724091053,
9980,Siamese_233,clean,none,0.0,0,2,0.2508428394794464,7.282436854438856e-05,0.7488784193992615,0.0002058428799500689,inf,1.0,0.0,inf,1.0,0.0,30.613061904907227,0.927037239074707,0.020610386505723,0.07296276092529297,0.020610386505723,
26480,miniature_pinscher_7,clean,none,0.0,0,2,0.4057577848434448,0.0001657991815591231,0.5938434600830078,0.00023290276294574142,inf,1.0,0.0,inf,1.0,0.0,31.905500411987305,0.9289741516113281,0.018095713108778,0.07102584838867188,0.018095713108778,
2390,Birman_46,clean,none,0.0,0,2,0.4842408001422882,0.00011931221524719149,0.5154716372489929,0.00016825720376800746,inf,1.0,0.0,inf,1.0,0.0,32.26650619506836,0.9371597170829773,0.016650835052132607,0.0628402829170227,0.016650835052132607,
8710,Ragdoll_89,clean,none,0.0,0,2,0.04822012409567833,6.850392674095929e-05,0.9516509175300598,6.045450936653651e-05,inf,1.0,0.0,inf,1.0,0.0,31.754623413085938,0.9389606714248657,0.019385995343327522,0.06103932857513428,0.019385995343327522,
6880,Persian_228,clean,none,0.0,0,2,0.014840340241789818,2.5983148589148186e-05,0.9850196838378906,0.00011397324124118313,inf,1.0,0.0,inf,1.0,0.0,27.505191802978516,0.9391369819641113,0.026146916672587395,0.06086301803588867,0.026146916672587395,
10870,Sphynx_212,clean,none,0.0,0,2,0.43721747398376465,0.0001513259339844808,0.5613983869552612,0.001232860260643065,inf,1.0,0.0,inf,1.0,0.0,30.456195831298828,0.940912663936615,0.019963344559073448,0.05908733606338501,0.019963344559073448,
23520,japanese_chin_72,clean,none,0.0,0,2,0.4347270131111145,5.46009760000743e-05,0.5647804141044617,0.0004379404417704791,inf,1.0,0.0,inf,1.0,0.0,31.070737838745117,0.9424375295639038,0.019012849777936935,0.05756247043609619,0.019012849777936935,
28040,pomeranian_3,clean,none,0.0,0,2,0.44101735949516296,0.0001581028482178226,0.5585880875587463,0.00023641518782824278,inf,1.0,0.0,inf,1.0,0.0,33.992942810058594,0.9446738958358765,0.01355841662734747,0.055326104164123535,0.01355841662734747,
3620,Bombay_75,clean,none,0.0,0,2,0.02284267172217369,3.6061064747627825e-05,0.9770029783248901,0.00011823966633528471,inf,1.0,0.0,inf,1.0,0.0,31.309772491455078,0.9474151730537415,0.016780074685811996,0.052584826946258545,0.016780074685811996,
3000,Bombay_200,clean,none,0.0,0,2,0.15916387736797333,9.782287088455632e-05,0.8404999375343323,0.00023836031323298812,inf,1.0,0.0,inf,1.0,0.0,34.90694808959961,0.9513759016990662,0.012110985815525055,0.04862409830093384,0.012110985815525055,
10070,Siamese_250,clean,none,0.0,0,2,0.019214903935790062,2.4113636754918844e-05,0.9807361364364624,2.4879085685824975e-05,inf,1.0,0.0,inf,1.0,0.0,30.50928497314453,0.9525907635688782,0.020792143419384956,0.047409236431121826,0.020792143419384956,
7347,Persian_5,occlusion,low,0.09869384765625,3,0,0.5783525109291077,0.00030522950692102313,0.0002714767470024526,0.42107072472572327,27.589828491210938,0.8812833428382874,0.009478322230279446,31.40721321105957,0.9101814031600952,0.017472553998231888,27.589828491210938,0.8812833428382874,0.009478322230279446,0.02889806032180786,-0.007994231767952442,3.817384719848633
31747,samoyed_93,occlusion,low,0.1015625,3,0,0.862422525882721,3.462076711002737e-05,1.7613620002521202e-05,0.1375252902507782,27.85650062561035,0.8982326984405518,0.007087657693773508,31.304107666015625,0.9192126393318176,0.01815100945532322,27.85650062561035,0.8982326984405518,0.007087657693773508,0.02097994089126587,-0.011063351761549711,3.4476070404052734
34227,staffordshire_bull_terrier_57,occlusion,low,0.098876953125,3,0,0.6828604936599731,7.809093222022057e-05,0.00012142299237893894,0.31693997979164124,32.36598587036133,0.8947229385375977,0.005776000674813986,30.0096492767334,0.8688263297080994,0.020965443924069405,32.36598587036133,0.8947229385375977,0.005776000674813986,-0.02589660882949829,-0.015189443249255419,-2.3563365936279297
17677,chihuahua_86,occlusion,low,0.1007080078125,3,0,0.9918802380561829,7.352254033321515e-05,0.0006774225039407611,0.007368828170001507,32.78380584716797,0.9131947159767151,0.00517314812168479,30.86349868774414,0.8805685639381409,0.01967119798064232,32.78380584716797,0.9131947159767151,0.00517314812168479,-0.03262615203857422,-0.014498049858957529,-1.9203071594238281
5437,Egyptian_Mau_59,occlusion,low,0.10009765625,3,0,0.9993290901184082,2.2635667846770957e-05,0.00010631452460074797,0.0005420228699222207,45.62981033325195,0.9360339045524597,0.001431174692697823,29.16623878479004,0.8925669193267822,0.01983717642724514,45.62981033325195,0.9360339045524597,0.001431174692697823,-0.04346698522567749,-0.018406001734547317,-16.463571548461914
31557,samoyed_76,occlusion,low,0.1007080078125,3,0,0.8307189345359802,0.00020308821694925427,0.0009651024593040347,0.16811281442642212,26.907978057861328,0.9078788161277771,0.009250057861208916,26.625621795654297,0.8535442352294922,0.023618651553988457,26.907978057861328,0.9078788161277771,0.009250057861208916,-0.05433458089828491,-0.014368593692779541,-0.28235626220703125
15417,beagle_61,occlusion,low,0.09869384765625,3,0,0.9895117878913879,5.579943899647333e-05,0.000418798066675663,0.010013658553361893,30.827350616455078,0.9065442681312561,0.00721890339627862,25.762596130371094,0.847121000289917,0.03054937534034252,30.827350616455078,0.9065442681312561,0.00721890339627862,-0.05942326784133911,-0.023330471944063902,-5.064754486083984
16147,boxer_37,occlusion,low,0.098876953125,3,0,0.8651760816574097,3.9278933400055394e-05,1.618313581275288e-05,0.13476844131946564,25.55612564086914,0.8983689546585083,0.011318950913846493,25.162742614746094,0.8313474059104919,0.03543191775679588,25.55612564086914,0.8983689546585083,0.011318950913846493,-0.06702154874801636,-0.02411296684294939,-0.3933830261230469
3277,Bombay_40,occlusion,low,0.099609375,3,0,0.6396689414978027,7.651263877050951e-05,2.8368192943162285e-05,0.3602261543273926,29.147357940673828,0.8838229179382324,0.008762095123529434,23.407888412475586,0.8093605637550354,0.041108980774879456,29.147357940673828,0.8838229179382324,0.008762095123529434,-0.07446235418319702,-0.03234688565135002,-5.739469528198242
11387,Sphynx_46,occlusion,low,0.10040283203125,3,0,0.924308717250824,3.732315599336289e-05,4.058705144416308e-06,0.0756499245762825,27.189708709716797,0.9293043613433838,0.007543546613305807,26.504859924316406,0.8499763011932373,0.021759403869509697,27.189708709716797,0.9293043613433838,0.007543546613305807,-0.07932806015014648,-0.01421585725620389,-0.6848487854003906
3477,Bombay_60,occlusion,low,0.098876953125,3,0,0.9198945164680481,9.050922380993143e-05,0.00014406944683287293,0.07987087965011597,29.849349975585938,0.8797214031219482,0.00784218031913042,21.988216400146484,0.7867133617401123,0.05207398161292076,29.849349975585938,0.8797214031219482,0.00784218031913042,-0.09300804138183594,-0.04423180129379034,-7.861133575439453
18717,english_cocker_spaniel_9,occlusion,low,0.0999755859375,3,0,0.8052789568901062,4.427190651767887e-05,1.4261132491810713e-05,0.1946624368429184,29.35603904724121,0.8940600156784058,0.009010464884340763,25.233409881591797,0.7958448529243469,0.039096564054489136,29.35603904724121,0.8940600156784058,0.009010464884340763,-0.09821516275405884,-0.030086099170148373,-4.122629165649414
9467,Russian_Blue_64,occlusion,low,0.098876953125,3,0,0.9941709637641907,1.5000776329543442e-05,9.027627129398752e-06,0.005805006716400385,39.445701599121094,0.9616234302520752,0.0014427434653043747,27.775066375732422,0.829595148563385,0.026586877182126045,39.445701599121094,0.9616234302520752,0.0014427434653043747,-0.13202828168869019,-0.02514413371682167,-11.670635223388672
5807,Egyptian_Mau_97,occlusion,low,0.09912109375,3,0,0.8985570669174194,0.0003297679650131613,2.0630193375836825e-06,0.10111109912395477,48.12894821166992,0.9978703260421753,0.00013044769002590328,25.2744140625,0.8637973666191101,0.028370371088385582,48.12894821166992,0.9978703260421753,0.00013044769002590328,-0.13407295942306519,-0.02823992339835968,-22.854534149169922
10107,Siamese_26,occlusion,low,0.098876953125,3,0,0.9939553141593933,2.6631742002791725e-05,0.0013059446355327964,0.004712081514298916,34.988983154296875,0.8958927989006042,0.0044274828396737576,23.96160888671875,0.7617442607879639,0.03905877098441124,34.988983154296875,0.8958927989006042,0.0044274828396737576,-0.13414853811264038,-0.03463128814473748,-11.027374267578125
27157,newfoundland_4,occlusion,low,0.0997314453125,3,0,0.730633556842804,5.177874845685437e-05,4.1194921323040035e-06,0.2693105638027191,31.554746627807617,0.8781169056892395,0.007406237069517374,18.790693283081055,0.7312668561935425,0.06557002663612366,31.554746627807617,0.8781169056892395,0.007406237069517374,-0.14685004949569702,-0.05816378956660628,-12.764053344726562
1847,Bengal_87,occlusion,low,0.099609375,3,0,0.7186890840530396,0.00010089601710205898,4.205971345072612e-05,0.2811679542064667,25.472137451171875,0.9253267645835876,0.009653368033468723,20.133281707763672,0.776451051235199,0.07019077241420746,25.472137451171875,0.9253267645835876,0.009653368033468723,-0.14887571334838867,-0.060537404380738735,-5.338855743408203
32027,scottish_terrier_29,occlusion,low,0.098876953125,3,0,0.5573067665100098,0.00010105215187650174,7.960341008583782e-07,0.44259142875671387,26.195659637451172,0.8865277171134949,0.012082647532224655,24.760833740234375,0.7359648942947388,0.03840827941894531,26.195659637451172,0.8865277171134949,0.012082647532224655,-0.1505628228187561,-0.026325631886720657,-1.4348258972167969
35347,wheaten_terrier_68,occlusion,low,0.099609375,3,0,0.6153050661087036,0.0001211065100505948,0.0006521432078443468,0.38392165303230286,20.237939834594727,0.906859815120697,0.019253600388765335,19.039142608642578,0.710738480091095,0.08720677345991135,20.237939834594727,0.906859815120697,0.019253600388765335,-0.19612133502960205,-0.06795317307114601,-1.1987972259521484
