epoch,train_loss,lr,val_l1,val_ssim,val_psnr,val_score,val_ssim_blur,epoch_s
1,0.2932377644693074,0.0020794868227803605,0.08753824234008789,0.5761949419975281,18.68834114074707,0.2556716501712799,0.5761949419975281,14.669884600007208
2,0.22523798477714477,0.0020779477975654023,0.07258113473653793,0.6527900695800781,20.438875198364258,0.2098955325782299,0.6527900695800781,9.160335099993972
3,0.19827807184470736,0.002075384443187203,0.07422299683094025,0.6695203185081482,20.220354080200195,0.20235133916139603,0.6695203185081482,9.16537370000151
4,0.18427511223632356,0.002071799289367057,0.06376828998327255,0.7164904475212097,21.67087173461914,0.17363892123103142,0.7164904475212097,9.179660299996613
5,0.17466638787933017,0.002067195874218943,0.07443086802959442,0.7249885201454163,20.48199462890625,0.17472117394208908,0.7249885201454163,9.110625599991181
6,0.16832700444628362,0.002061578740757836,0.07429854571819305,0.6960691213607788,20.494043350219727,0.18911471217870712,0.6960691213607788,9.205206899991026
7,0.16326171499879463,0.0020549534324162968,0.06473740190267563,0.7429012060165405,21.76570701599121,0.16091809794306755,0.7429012060165405,9.144389399996726
8,0.1585408982861301,0.0020473264875737755,0.06821072846651077,0.747922420501709,21.14634132385254,0.1601441539824009,0.747922420501709,9.097055500009446
9,0.15608428013713463,0.00203870543310402,0.06218364089727402,0.7474150657653809,21.958133697509766,0.15738428756594658,0.7474150657653809,9.07474870000442
10,0.15324153265227441,0.002029098776946959,0.08655145764350891,0.7297094464302063,19.366073608398438,0.1784210056066513,0.7297094464302063,8.978451799994218
11,0.14890381268671024,0.002018515999712394,0.0612034797668457,0.7622261643409729,22.102291107177734,0.1494886577129364,0.7622261643409729,9.105552299995907
12,0.14728721049006865,0.0020069675453237806,0.06041736528277397,0.7702633142471313,22.15594482421875,0.1450770255178213,0.7702633142471313,9.028228199997102
13,0.14241674530279377,0.0019944648107113393,0.06280986964702606,0.7721201777458191,21.811660766601562,0.14534484595060349,0.7721201777458191,9.10637300000235
14,0.1407461216997193,0.0019810201345646593,0.05876306816935539,0.7792498469352722,22.54283332824707,0.1397566106170416,0.7792498469352722,8.987139699995168
15,0.1402019930841482,0.0019666467851559015,0.05972950905561447,0.7718368768692017,22.074054718017578,0.1439463160932064,0.7718368768692017,9.038639499995043
16,0.13755831818865694,0.001951358947245617,0.05897507071495056,0.7820995450019836,22.28782844543457,0.13843776285648346,0.7820995450019836,9.094536799995694
17,0.13565727995465632,0.0019351717080841005,0.07186165452003479,0.7401971220970154,20.699878692626953,0.1658322662115097,0.7401971220970154,9.062829500006046
18,0.1343859745108563,0.001918101042522095,0.06444183737039566,0.7712777853012085,21.980287551879883,0.14658202603459358,0.7712777853012085,9.014675699989311
19,0.13354685173734374,0.0019001637972455435,0.05898554250597954,0.7913807034492493,22.530065536499023,0.13380241952836514,0.7913807034492493,9.163149500003783
20,0.130947504233083,0.0018813776741499447,0.06002889573574066,0.7886115312576294,22.19746971130371,0.13570868223905563,0.7886115312576294,8.994743300005211
21,0.1304933048946702,0.0018617612128707173,0.05734139308333397,0.7968370914459229,22.582983016967773,0.13025215081870556,0.7968370914459229,9.042208600003505
22,0.1289023195757814,0.00184133377248682,0.07039815187454224,0.7882230877876282,20.976642608642578,0.14108753204345703,0.7882230877876282,9.08689819999563
23,0.12766644172370434,0.0018201155124156771,0.05741967260837555,0.7976850271224976,22.453784942626953,0.129867322742939,0.7976850271224976,9.007528599991929
24,0.1260238260678623,0.0017981273725182672,0.07022655755281448,0.7910553216934204,21.151809692382812,0.13958561792969704,0.7910553216934204,9.130382699993788
25,0.1255604922366531,0.0017753910524340084,0.07219497114419937,0.7810652256011963,20.69898796081543,0.14556487277150154,0.7810652256011963,9.009533200005535
26,0.12577756777729676,0.0017519289901658354,0.06057034805417061,0.7998555302619934,22.245710372924805,0.1303574088960886,0.7998555302619934,9.052647100004833
27,0.12472333086897498,0.0017277643399365972,0.05390602722764015,0.7990197539329529,23.08771324157715,0.12744313664734364,0.7990197539329529,9.02150360000087
28,0.12347254906173634,0.0017029209493386367,0.055365465581417084,0.80287766456604,22.924352645874023,0.12624390050768852,0.80287766456604,9.124234100003378
29,0.12369807862231265,0.001677423335799095,0.05427832528948784,0.8080077767372131,22.97939682006836,0.12313527427613735,0.8080077767372131,8.977151699989918
30,0.12278586087505454,0.0016512966623841716,0.057270120829343796,0.7962692379951477,22.55661964416504,0.13050044141709805,0.7962692379951477,9.020361899994896
31,0.12171618316484534,0.0016245667129662154,0.05605609342455864,0.8077102899551392,22.8126163482666,0.12417290173470974,0.8077102899551392,9.025390700000571
32,0.12190755363553762,0.0015972598667781557,0.05606358125805855,0.8090606331825256,22.801240921020508,0.12350147403776646,0.8090606331825256,9.047034599992912
33,0.12054954712157664,0.0015694030723803856,0.06306148320436478,0.801797091960907,22.05512046813965,0.1306321956217289,0.801797091960907,9.021416799994768
34,0.11652533912464329,0.0015410238210657832,0.05077487602829933,0.7969773411750793,23.73272705078125,0.12689876742661,0.7969773411750793,9.047579700010829
35,0.11305840588782144,0.001512150119729128,0.04352299124002457,0.8181946873664856,24.833894729614258,0.11266415193676949,0.8181946873664856,8.988984299998265
36,0.11133616721338552,0.001482810463227675,0.04294198378920555,0.8171799778938293,24.92074966430664,0.1128810029476881,0.8171799778938293,9.109415400002035
37,0.1098174539435169,0.0014530338062601713,0.04442378878593445,0.8197330832481384,24.59919548034668,0.11234535276889801,0.8197330832481384,8.955078700004378
38,0.10917294794774574,0.001422849534792065,0.04477691650390625,0.8137999176979065,24.528766632080078,0.11548849940299988,0.8137999176979065,9.073743999993894
39,0.10795037780442963,0.001392287437055103,0.048831671476364136,0.8149020075798035,24.01655387878418,0.11696483194828033,0.8149020075798035,9.137821300013456
40,0.10568676714825889,0.001361377674149945,0.0449024923145771,0.8184860944747925,24.619731903076172,0.11320819891989231,0.8184860944747925,8.988851300004171
41,0.10644761509383502,0.0013301507502807982,0.040974222123622894,0.8236238956451416,25.389829635620117,0.10867516323924065,0.8236238956451416,9.00643090000085
42,0.10477512653755106,0.0012986374826514484,0.04021795839071274,0.828545093536377,25.40912437438965,0.10583643242716789,0.828545093536377,9.13522880000528
43,0.1058190526926647,0.001266868971052404,0.044434428215026855,0.8175107836723328,24.69920539855957,0.11346182227134705,0.8175107836723328,9.03118929998891
44,0.10535953951108715,0.0012348765671691534,0.03994737192988396,0.8265358209609985,25.569808959960938,0.10670577548444271,0.8265358209609985,9.108132800000021
45,0.10348614523916141,0.0012026918436418399,0.03886726126074791,0.8324688076972961,25.757871627807617,0.10319922678172588,0.8324688076972961,8.998571300006006
46,0.10305893060791751,0.0011703465629068763,0.04049917683005333,0.8236631155014038,25.443222045898438,0.10841803066432476,0.8236631155014038,9.061145999992732
47,0.10198637150713931,0.0011378726458512545,0.040807124227285385,0.8218565583229065,25.389650344848633,0.10947528295218945,0.8218565583229065,8.996002599989879
48,0.10127788296212321,0.0011053021403104857,0.04332941398024559,0.828386664390564,24.988262176513672,0.10747137479484081,0.828386664390564,9.0373724999954
49,0.10185779428676418,0.0010726671894412533,0.04872196540236473,0.8175806999206543,24.129674911499023,0.11557063274085522,0.8175806999206543,9.091566099988995
50,0.10171970040739878,0.00104,0.04016970843076706,0.8285084366798401,25.48085594177246,0.10583063587546349,0.8285084366798401,8.999173200005316
51,0.09991216035964696,0.0010073328105587465,0.03874104470014572,0.8330925703048706,25.69029426574707,0.10282423719763756,0.8330925703048706,9.09425110000302
52,0.09981616108637789,0.0009746978596895141,0.03969184309244156,0.8302716612815857,25.45061683654785,0.10471009090542793,0.8302716612815857,9.128031800006283
53,0.09867411641323048,0.000942127354148745,0.0384092703461647,0.8359559774398804,25.898313522338867,0.10122664645314217,0.8359559774398804,9.039910099992994
54,0.09904178146920774,0.0009096534370931236,0.048038095235824585,0.8296704292297363,24.325159072875977,0.10918383300304413,0.8296704292297363,9.041094199987128
55,0.09875766434909208,0.0008773081563581597,0.04175824671983719,0.826714038848877,24.9647159576416,0.10752210393548012,0.826714038848877,9.112499800001387
56,0.09764100514028383,0.0008451234328308463,0.0408342108130455,0.8279463648796082,25.3948974609375,0.10644392296671867,0.8279463648796082,9.007758599997032
57,0.09702467809066824,0.000813131028947596,0.03815917670726776,0.8345032334327698,25.945415496826172,0.10182797163724899,0.8345032334327698,9.038635700009763
58,0.09677845259885424,0.0007813625173485509,0.041045721620321274,0.8341503739356995,25.32686996459961,0.1034476738423109,0.8341503739356995,9.095415699994192
59,0.09632468579903893,0.0007498492497192016,0.03906205669045448,0.8354789018630981,25.80754852294922,0.10179157741367817,0.8354789018630981,9.158615400010603
60,0.0962725184533907,0.000718622325850055,0.04298672452569008,0.8325101733207703,25.0064754486084,0.10523827560245991,0.8325101733207703,9.050276599999052
61,0.096053514143695,0.000687712562944897,0.03875087574124336,0.838535726070404,25.699748992919922,0.10010757483541965,0.838535726070404,9.03291920000629
62,0.09499318756001152,0.0006571504652079352,0.03833543136715889,0.8374136090278625,25.92070198059082,0.10046091116964817,0.8374136090278625,9.059992599999532
63,0.09531529045299343,0.0006269661937398281,0.03846629336476326,0.8403315544128418,25.85405158996582,0.09906736947596073,0.8403315544128418,9.043601500001387
64,0.09495691477280596,0.0005971895367723244,0.03638548031449318,0.8422130346298218,26.236021041870117,0.0970862228423357,0.8422130346298218,9.021486199999345
65,0.09408661338460186,0.0005678498802708714,0.03636300936341286,0.8414987325668335,26.251920700073242,0.09743213839828968,0.8414987325668335,9.130040600008215
66,0.09397718946085028,0.000538976178934216,0.03630531206727028,0.8393094539642334,26.308727264404297,0.09849792905151844,0.8393094539642334,9.081955300003756
67,0.09371959397812253,0.0005105969276196139,0.04103878140449524,0.8395511507987976,25.367542266845703,0.10074381530284882,0.8395511507987976,9.026165100003709
68,0.09370715980944426,0.00048274013322184334,0.03615323454141617,0.8443771004676819,26.2956485748291,0.09588806703686714,0.8443771004676819,9.10044100000232
69,0.09343302067693161,0.0004554332870337842,0.04086372256278992,0.8383140563964844,25.46847915649414,0.10127483308315277,0.8383140563964844,9.01457629998913
70,0.09268282094727391,0.0004287033376158282,0.037040308117866516,0.8386036157608032,26.2510986328125,0.09921834617853165,0.8386036157608032,9.097277699998813
71,0.09228207102126401,0.0004025766642009045,0.037270113825798035,0.8410990238189697,26.165498733520508,0.09808554500341415,0.8410990238189697,9.01302410000062
72,0.09251214077939159,0.0003770790506613628,0.03632219508290291,0.8448590636253357,26.287721633911133,0.09573156572878361,0.8448590636253357,8.997369999997318
73,0.09243570227661858,0.0003522356600634024,0.035871848464012146,0.8432744145393372,26.4670467376709,0.0962987169623375,0.8432744145393372,9.053644100000383
74,0.09197673310890146,0.0003280710098341639,0.03789076581597328,0.8418530225753784,26.113740921020508,0.09801887162029743,0.8418530225753784,9.162437999999383
75,0.0920335151579069,0.00030460894756599084,0.03644917532801628,0.8436304330825806,26.22527503967285,0.09640937112271786,0.8436304330825806,8.986081399998511
76,0.09163015040204577,0.0002818726274817324,0.03670460730791092,0.8431283831596375,26.268770217895508,0.09678811207413673,0.8431283831596375,9.034641299993382
77,0.09138188462542451,0.0002598844875843223,0.03964359685778618,0.8435428738594055,25.75926971435547,0.09805036149919033,0.8435428738594055,9.18857250000292
78,0.09124212315225083,0.00023866622751317945,0.036392103880643845,0.843437671661377,26.390348434448242,0.09647721610963345,0.843437671661377,10.159820000000764
79,0.09132697453479403,0.0002182387871292821,0.03579704836010933,0.8451515436172485,26.436046600341797,0.0953227523714304,0.8451515436172485,9.733615400007693
80,0.09086444925354875,0.0001986223258500549,0.03734482452273369,0.8456295728683472,26.14638328552246,0.09585762582719326,0.8456295728683472,9.702227200003108
81,0.09081462462959082,0.00017983620275445602,0.03542511537671089,0.8462721109390259,26.510574340820312,0.0945765022188425,0.8462721109390259,9.795367200000328
82,0.0908219780287017,0.00016189895747790463,0.03839953988790512,0.8451133370399475,25.916715621948242,0.0966431014239788,0.8451133370399475,9.669839499998488
83,0.09055582802418781,0.00014482829191589857,0.03680610656738281,0.8449745178222656,26.201770782470703,0.0959157943725586,0.8449745178222656,9.382902299999841
84,0.09039070809502965,0.00012864105275438195,0.03573962301015854,0.8450189828872681,26.460115432739258,0.09536032006144524,0.8450189828872681,9.406799799995497
85,0.09032657803238733,0.00011335321484409756,0.03721025586128235,0.8458985686302185,26.171293258666992,0.09565584361553192,0.8458985686302185,10.087235200000578
86,0.0903206519053682,9.897986543533992e-05,0.03513127192854881,0.8462085127830505,26.591594696044922,0.09446137957274914,0.8462085127830505,10.201367499990738
87,0.09005182475337516,8.553518928865989e-05,0.035197604447603226,0.847062885761261,26.534168243408203,0.09406735934317112,0.847062885761261,9.730184400003054
88,0.09009135887026787,7.303245467621863e-05,0.035214800387620926,0.8466375470161438,26.57516098022461,0.09428862668573856,0.8466375470161438,9.469784400003846
89,0.08989707562748504,6.148400028760556e-05,0.03589962050318718,0.8459998369216919,26.442319869995117,0.09494989179074764,0.8459998369216919,9.208247200003825
90,0.09024385808278686,5.090122305304035e-05,0.035404421389102936,0.8464685678482056,26.486011505126953,0.09446792677044868,0.8464685678482056,9.534248800002388
91,0.0898191769728842,4.1294566895979345e-05,0.03565818443894386,0.846408486366272,26.50874900817871,0.09462484903633595,0.846408486366272,9.523849899997003
92,0.08962415369308513,3.267351242622381e-05,0.035861723124980927,0.8450275659561157,26.49924659729004,0.0954170785844326,0.8450275659561157,9.463720300002024
93,0.08959714084377755,2.5046567583702796e-05,0.03484565392136574,0.846555769443512,26.629619598388672,0.09414494223892689,0.846555769443512,9.383463899997878
94,0.08988021261504163,1.842125924216374e-05,0.0354609377682209,0.846724808216095,26.49877166748047,0.09436806477606297,0.846724808216095,9.568458599998849
95,0.0897013078565183,1.280412578105684e-05,0.034553878009319305,0.8476800322532654,26.669946670532227,0.09343692287802696,0.8476800322532654,9.399203499997384
96,0.08962106255247541,8.200710632943129e-06,0.035419683903455734,0.8462428450584412,26.51828384399414,0.09458841942250729,0.8462428450584412,9.469431500008795
97,0.08959253581807665,4.615556812796806e-06,0.03462236374616623,0.8470641374588013,26.662961959838867,0.09377911314368248,0.8470641374588013,9.585639400000218
98,0.0895301993612362,2.05220243459758e-06,0.03542215749621391,0.846375584602356,26.538257598876953,0.09452328644692898,0.846375584602356,9.508374599987292
99,0.08967483274476684,5.131772196391362e-07,0.03456712141633034,0.8474016785621643,26.66075325012207,0.09358272142708302,0.8474016785621643,9.450453500001458
100,0.08938896230867376,0.0,0.0352172926068306,0.847532331943512,26.561952590942383,0.09384248033165932,0.847532331943512,9.44815359999484
