epoch,train_loss,lr,val_l1,val_ssim,val_psnr,val_score,val_ssim_clean,val_ssim_salt,val_ssim_blur,val_ssim_occlusion,epoch_s
1,0.29572826008433883,0.0005818564090664279,0.09092079848051071,0.5244901180267334,18.693208694458008,0.28321534022688866,0.5569235682487488,0.5205730199813843,0.5552620887756348,0.46520155668258667,19.205227800000102
2,0.2342462248938239,0.0005814257779726271,0.09115783125162125,0.606314480304718,18.619796752929688,0.24242167547345161,0.6479472517967224,0.6141481399536133,0.649038553237915,0.514123797416687,14.791384600000129
3,0.20966975479994132,0.0005807085316994964,0.0788201317191124,0.6409728527069092,19.719837188720703,0.2189236395061016,0.6759077310562134,0.6445355415344238,0.6729433536529541,0.5705046653747559,14.800544199999422
4,0.19341852030028467,0.0005797053780825132,0.07910201698541641,0.6556574106216431,19.828227996826172,0.21172230318188667,0.6862108707427979,0.661501944065094,0.6933576464653015,0.5815590620040894,14.826891900000192
5,0.1844450476700845,0.0005784173071131853,0.07273217290639877,0.6893494725227356,20.468324661254883,0.1916913501918316,0.7246642112731934,0.6947070360183716,0.7195125222206116,0.6185139417648315,14.774886000000151
6,0.17867376080349737,0.0005768455899620486,0.07092396914958954,0.6983210444450378,20.736957550048828,0.18630146235227585,0.7357909083366394,0.7026396989822388,0.731616735458374,0.6232367753982544,14.935119400000076
7,0.1748134152882773,0.0005749917777241757,0.07714423537254333,0.6798161864280701,20.260156631469727,0.19866402447223663,0.7173481583595276,0.6898053884506226,0.7036458849906921,0.6084653735160828,14.819825800000217
8,0.17051636362853256,0.0005728576998884318,0.06663103401660919,0.7152543067932129,21.307172775268555,0.17568836361169815,0.7507372498512268,0.7263219356536865,0.7459801435470581,0.637978196144104,14.817971299999954
9,0.16525774068482543,0.0005704454625319906,0.06935439258813858,0.7149230241775513,20.83843421936035,0.17721568420529366,0.7539864182472229,0.728546142578125,0.7469980120658875,0.6301613450050354,14.74806340000032
10,0.1617207456704067,0.0005677574462418899,0.06740965694189072,0.7300196290016174,21.08627700805664,0.16869501397013664,0.7628080248832703,0.7414275407791138,0.7635538578033447,0.6522889137268066,14.784697400000368
11,0.15871502459049225,0.0005647963037656798,0.06524544954299927,0.7324817776679993,21.45322608947754,0.1663818359375,0.7674034833908081,0.7404723167419434,0.763772189617157,0.6582790613174438,15.000928399999793
12,0.1564952070298402,0.0005615649573934813,0.06305345147848129,0.7367297410964966,21.670543670654297,0.16316185519099236,0.7752814292907715,0.7496928572654724,0.7664193511009216,0.6555256843566895,14.806236000000354
13,0.1505794800898951,0.0005580665960740386,0.05927903577685356,0.7345972657203674,22.130762100219727,0.16234088502824306,0.7719210982322693,0.7488439679145813,0.7597693800926208,0.6578549742698669,14.928678399999626
14,0.1462325184079616,0.0005543046722676118,0.057266343384981155,0.7564388513565063,22.473966598510742,0.1504137460142374,0.7937238216400146,0.7677410840988159,0.7840015292167664,0.6802891492843628,14.752375500000198
15,0.14243140411765678,0.0005502828985388152,0.061025477945804596,0.7528638243675232,21.91925621032715,0.1540808267891407,0.7898048758506775,0.7663353085517883,0.7807231545448303,0.6745918989181519,14.801034199999776
16,0.13784613423859296,0.0005460052438927644,0.05653052777051926,0.7531914710998535,22.334810256958008,0.15166952833533287,0.7915200591087341,0.7674851417541504,0.7875673770904541,0.6661933660507202,14.950060099999973
17,0.13664400188819223,0.0005414759298581478,0.06433265656232834,0.7558635473251343,21.55068588256836,0.15423455461859703,0.7916248440742493,0.7701497077941895,0.785531759262085,0.676147997379303,14.848269500000242
18,0.13563011396352365,0.0005366994263210866,0.05802485719323158,0.7546551823616028,22.413223266601562,0.1516848374158144,0.7957284450531006,0.7689774632453918,0.78387451171875,0.6700403094291687,14.857274800000596
19,0.1328054114609309,0.0005316804471138976,0.052274394780397415,0.7665293216705322,23.08710289001465,0.1428725365549326,0.8040394186973572,0.7788914442062378,0.7943193316459656,0.6888672113418579,14.833666700000322
20,0.13130981025650448,0.0005264239453631099,0.05819300562143326,0.7632707357406616,22.280820846557617,0.14746113494038582,0.7968340516090393,0.7767976522445679,0.7927203178405762,0.6867307424545288,14.901940799999466
21,0.12987531166847632,0.0005209351086013261,0.04964804649353027,0.7675918936729431,23.541536331176758,0.14102807641029358,0.8074980974197388,0.7776275277137756,0.797218382358551,0.6880235075950623,14.808391499999743
22,0.1279078799340388,0.0005152193536477549,0.04798690602183342,0.783770740032196,23.743824005126953,0.1321080829948187,0.8216388821601868,0.7995946407318115,0.8127663731575012,0.7010833024978638,14.835739300000569
23,0.12547871867275756,0.0005092823212624639,0.050265733152627945,0.7717065215110779,23.48276710510254,0.13927960582077503,0.8119062185287476,0.7814326286315918,0.7997491359710693,0.6937381029129028,14.919219399999747
24,0.12465302079268124,0.0005031298705796309,0.05340772494673729,0.7762446999549866,23.047937393188477,0.13858151249587536,0.812862753868103,0.7886568307876587,0.8046321868896484,0.6988270878791809,14.881226700000298
25,0.12411924925349328,0.0004967680733252855,0.04765411093831062,0.7855146527290344,23.88068199157715,0.1310697291046381,0.8237866759300232,0.7992231845855713,0.8112730979919434,0.7077757120132446,14.84859249999954
26,0.12307387343405382,0.0004902032078252486,0.05108548700809479,0.7854140996932983,23.45476722717285,0.13283569365739822,0.8224010467529297,0.8003345727920532,0.8116936087608337,0.7072266936302185,14.936148499999035
27,0.12223471203090056,0.00048344175280918287,0.04935833066701889,0.7778489589691162,23.5501708984375,0.13575468584895134,0.8101522326469421,0.7930580377578735,0.8090993762016296,0.6990862488746643,14.882587000000058
28,0.1194704041370879,0.0004764903810168689,0.04903697595000267,0.7872536778450012,23.760290145874023,0.13089164905250072,0.8246179819107056,0.8020282983779907,0.8143342733383179,0.7080342769622803,14.867575600001146
29,0.12040415066091911,0.0004693559526130164,0.054418522864580154,0.7853497266769409,22.88205337524414,0.13453439809381962,0.8218154907226562,0.7998225092887878,0.8130767941474915,0.7066841125488281,14.774830500000462
30,0.12219185386176991,0.0004620455084171099,0.052042294293642044,0.787208080291748,23.247421264648438,0.132417107000947,0.8257867693901062,0.8025074005126953,0.8110804557800293,0.70945805311203,14.776538300000539
31,0.11950388340198476,0.0004545662629549702,0.049719199538230896,0.7926811575889587,23.508508682250977,0.12851902097463608,0.8307111263275146,0.8064963221549988,0.8202618956565857,0.7132551670074463,14.93823330000123
32,0.11798544062058562,0.00044692559733888813,0.04739975929260254,0.7917531728744507,24.086214065551758,0.12782329320907593,0.829827606678009,0.8061109781265259,0.8196914792060852,0.7113827466964722,14.810801400000855
33,0.11716217053649218,0.0004391310519833582,0.05217605084180832,0.7918215990066528,23.220613479614258,0.13017722591757774,0.8295817375183105,0.8078943490982056,0.816041886806488,0.7137688994407654,14.860654300000533
34,0.117166040505728,0.0004311903191635993,0.05933232977986336,0.7836952805519104,22.34488296508789,0.13781852461397648,0.8218801617622375,0.7982683777809143,0.809360682964325,0.7052723169326782,14.739545200000066
35,0.11738216682620671,0.0004231112354242082,0.051079582422971725,0.7849496006965637,23.47153663635254,0.133064990863204,0.8254076242446899,0.8018997311592102,0.8096345067024231,0.7028565406799316,14.800367800000458
36,0.11424892310700986,0.00041490177384543626,0.04705643653869629,0.7951465845108032,24.025514602661133,0.12595492601394653,0.8319893479347229,0.81071937084198,0.8220933079719543,0.7157845497131348,14.844455200000084
37,0.11543599552596392,0.0004065700361747213,0.04775451496243477,0.7988485097885132,23.854236602783203,0.12445300258696079,0.8363502621650696,0.8142104148864746,0.8250752091407776,0.7197579145431519,14.890426600000865
38,0.11421483917080838,0.0003981242448312415,0.04619735851883888,0.7996582388877869,24.07656478881836,0.12326955981552601,0.8370167016983032,0.8150225281715393,0.8260135650634766,0.7205799221992493,14.87527559999944
39,0.11416170098211455,0.00038957273479138,0.045537348836660385,0.8021653294563293,24.21588706970215,0.12168600969016552,0.8390811681747437,0.8189007043838501,0.8293336629867554,0.721345841884613,14.882044800000585
40,0.11143987289751353,0.00038092394536310987,0.04507419466972351,0.8027153611183167,24.31161880493164,0.12117941677570343,0.839570164680481,0.8193879127502441,0.82957923412323,0.7223241925239563,14.90707360000124
41,0.11289223522433768,0.0003721864118574159,0.04433560371398926,0.7978870272636414,24.469619750976562,0.12322428822517395,0.836175262928009,0.810309886932373,0.827207624912262,0.7178553938865662,14.926034000000072
42,0.11195935426360887,0.0003633687571649728,0.04361550882458687,0.8042629361152649,24.452774047851562,0.11967628635466099,0.8413664102554321,0.8217847943305969,0.8310067653656006,0.7228931784629822,14.80623419999938
43,0.1109560837402292,0.000354479683246394,0.04238295182585716,0.8019618391990662,24.72463607788086,0.1202105563133955,0.8385363221168518,0.8173069953918457,0.8298267126083374,0.722177267074585,14.8306106
44,0.10989719989669064,0.00034552796254444604,0.04427628964185715,0.8035379648208618,24.357707977294922,0.12036916241049767,0.8395251631736755,0.820213794708252,0.8298628330230713,0.7245498895645142,14.979175700000269
45,0.10982153309590142,0.00033652242932670734,0.039199650287628174,0.809471607208252,25.26052474975586,0.11486402153968811,0.8458476066589355,0.8268800973892212,0.8362696170806885,0.7288894653320312,14.873659700000644
46,0.10887219262835772,0.00032747197096721274,0.040188487619161606,0.8062475323677063,25.18372917175293,0.11697047762572765,0.8433763384819031,0.8218702077865601,0.8328730463981628,0.7268704175949097,14.87755339999967
47,0.10782024661160033,0.0003183855191756878,0.04125158116221428,0.8079630136489868,24.886394500732422,0.11664428375661373,0.8438801169395447,0.8252134919166565,0.8346291184425354,0.7281292080879211,14.927590999999666
48,0.10810867753689704,0.0003092720411830304,0.04557359591126442,0.798030436038971,24.105060577392578,0.12377157993614674,0.831089198589325,0.8134930729866028,0.8283350467681885,0.7192047238349915,14.905180600000676
49,0.10732096729233213,0.0003001405308917355,0.042512815445661545,0.8011868596076965,24.733915328979492,0.1206629779189825,0.8360002636909485,0.8165134787559509,0.8297119140625,0.7225214838981628,14.885448600000018
50,0.10611720654465583,0.00029100000000000013,0.04084821790456772,0.80648273229599,25.119932174682617,0.11718274280428886,0.844165563583374,0.8242443203926086,0.8293377161026001,0.7281831502914429,14.601762700000108
51,0.10551171847011732,0.0002818594691082648,0.0455588661134243,0.8055189251899719,24.176254272460938,0.12001997046172619,0.8409972786903381,0.8222053647041321,0.8344206809997559,0.724452555179596,14.717207899999266
52,0.10574354324489832,0.00027272795881696995,0.03941967338323593,0.8107137084007263,25.336400985717773,0.1143529824912548,0.8466739654541016,0.8281788229942322,0.8377332091331482,0.7302693128585815,14.68712510000114
53,0.10493878173925307,0.00026361448082431245,0.043054383248090744,0.808407723903656,24.528636932373047,0.11732332967221737,0.8448887467384338,0.8252744078636169,0.8367617130279541,0.7267057299613953,14.794009699999151
54,0.10492777022654595,0.0002545280290327876,0.04285941272974014,0.8064876198768616,24.763050079345703,0.11818589642643929,0.8431661128997803,0.8240032196044922,0.8324114084243774,0.7263696789741516,14.737218799999027
55,0.10561283799293249,0.0002454775706732929,0.03964681923389435,0.8048300743103027,25.34306526184082,0.1174083724617958,0.841754674911499,0.820382833480835,0.8317589163780212,0.7254238128662109,14.943141600000672
56,0.10425917358826035,0.0002364720374555542,0.044912442564964294,0.8043397068977356,24.455032348632812,0.12028636783361435,0.8423585295677185,0.8215129971504211,0.8291981816291809,0.7242889404296875,14.77009360000011
57,0.10330592650596214,0.00022752031675360624,0.03775099292397499,0.8140932321548462,25.52976417541504,0.1118288803845644,0.8506910800933838,0.8317256569862366,0.8406080007553101,0.7333478331565857,14.606130199999825
58,0.10269887239226828,0.0002186312428350273,0.04016560688614845,0.8075695633888245,25.091320037841797,0.116298021748662,0.8415464162826538,0.8246078491210938,0.835635781288147,0.728488028049469,14.624352500000896
59,0.10231675418174785,0.00020981358814258438,0.04111328348517418,0.8118847012519836,25.04047966003418,0.11461429111659527,0.8472145795822144,0.8291705846786499,0.8387664556503296,0.7323873043060303,14.690256199999567
60,0.10238180754949218,0.00020107605463689045,0.04685230180621147,0.8116025328636169,24.0809268951416,0.11762488447129726,0.8478651642799377,0.8292694687843323,0.8387271165847778,0.7305485010147095,14.627700699998968
61,0.10233854121812012,0.0001924272652086203,0.038159411400556564,0.8140724897384644,25.48969841003418,0.1120434608310461,0.8490910530090332,0.8304250836372375,0.8418292999267578,0.7349442839622498,14.999785599999086
62,0.10165331496492676,0.00018387575516875886,0.03919629752635956,0.8148657083511353,25.31559181213379,0.11216529458761215,0.8507647514343262,0.8321270942687988,0.8428424596786499,0.7337285876274109,14.661171100000502
63,0.10227696269588626,0.00017542996382527887,0.03804590553045273,0.8132590651512146,25.57541847229004,0.11239342018961906,0.84958815574646,0.8305602073669434,0.8390240669250488,0.7338637709617615,14.705581899999743
64,0.1014667205998431,0.0001670982261545639,0.04124455526471138,0.8136008977890015,24.87257957458496,0.11382182873785496,0.8496721386909485,0.8306053876876831,0.8404440879821777,0.733681857585907,14.715195000000676
65,0.10122743751043858,0.00015888876457579193,0.03888392820954323,0.8151847124099731,25.394424438476562,0.11184960789978504,0.8506156802177429,0.8335277438163757,0.8413481712341309,0.7352474331855774,14.882315200000448
66,0.10100680609922046,0.00015080968083640086,0.043466079980134964,0.8079855442047119,24.65350341796875,0.11774026788771152,0.8433305621147156,0.8245663046836853,0.8351076245307922,0.7289378046989441,14.545390900000712
67,0.10023292348436687,0.00014286894801664198,0.03603369742631912,0.8181236982345581,25.896465301513672,0.10895499959588051,0.8536809682846069,0.8362699747085571,0.8449327349662781,0.737610936164856,14.628961299998991
68,0.1004650564459355,0.00013507440266111195,0.03802749514579773,0.8166412115097046,25.56584358215332,0.11069314181804657,0.8521347045898438,0.8335731625556946,0.8445270657539368,0.7363302111625671,14.815944999998464
69,0.09953862679717333,0.00012743373704503,0.03691617026925087,0.8173660635948181,25.70520782470703,0.10977505333721638,0.8527995944023132,0.835425078868866,0.844290554523468,0.73694908618927,14.662281099999745
70,0.1000427819950425,0.00011995449158289038,0.03643978759646416,0.817294716835022,25.81237030029297,0.10957253538072109,0.8517178297042847,0.835599422454834,0.8446937203407288,0.7371677756309509,14.77235119999932
71,0.09902093049300753,0.00011264404738698384,0.03739660233259201,0.8174008131027222,25.68539810180664,0.10999789461493492,0.8527253270149231,0.8355144262313843,0.8438851833343506,0.7374782562255859,14.619534399998884
72,0.09917801614526821,0.00010550961898313131,0.036004725843667984,0.8181706070899963,25.94023895263672,0.10891705937683582,0.8534994721412659,0.8363829851150513,0.8447852730751038,0.738014817237854,14.72294509999847
73,0.0983269328818373,9.855824719081738e-05,0.037509363144636154,0.8140695095062256,25.577547073364258,0.11171992681920528,0.8496551513671875,0.8339542746543884,0.8413200974464417,0.7313480973243713,14.77684599999884
74,0.09920807219231906,9.17967921747516e-05,0.036195456981658936,0.817219614982605,25.883241653442383,0.10948792099952698,0.8529036045074463,0.8351853489875793,0.844035267829895,0.7367542386054993,14.894526699999915
75,0.0984669856970077,8.523192667471472e-05,0.04020274803042412,0.8153576850891113,25.09096908569336,0.1124225314706564,0.8514705300331116,0.8342598676681519,0.842775285243988,0.7329252362251282,15.220179300000382
76,0.09854666252984949,7.887012942036933e-05,0.036295391619205475,0.8189542889595032,25.804773330688477,0.10867055132985115,0.854819118976593,0.8369036912918091,0.8449994921684265,0.7390947937965393,15.05425060000016
77,0.09905068746403507,7.271767873753631e-05,0.03656943514943123,0.8196843862533569,25.80545425415039,0.10844252444803715,0.8546102643013,0.8375153541564941,0.8465436100959778,0.7400690317153931,14.913759799999752
78,0.09855109137361465,6.678064635224537e-05,0.03516879677772522,0.8186478614807129,26.06292152404785,0.10826046764850616,0.8543304204940796,0.8365728259086609,0.8448598980903625,0.7388286590576172,14.923398500000985
79,0.09802733734250069,6.106489139867411e-05,0.03656735271215439,0.8183724880218506,25.78418731689453,0.1090974323451519,0.8531079292297363,0.8362187743186951,0.8456056118011475,0.7385578155517578,14.932217200001105
80,0.09717951998438525,5.557605463689034e-05,0.03524134308099747,0.8188263177871704,26.063610076904297,0.10820751264691353,0.8541423678398132,0.8362696170806885,0.8462132215499878,0.7386801242828369,14.77376120000008
81,0.0981154556831588,5.0319552886102586e-05,0.03794397786259651,0.8192734122276306,25.5291690826416,0.10933528281748295,0.8544475436210632,0.8366780281066895,0.8465627431869507,0.7394053339958191,15.032444500000565
82,0.0966627694990324,4.530057367891369e-05,0.035911623388528824,0.8184634447097778,25.974380493164062,0.1087240893393755,0.8540802001953125,0.8365014791488647,0.8457902669906616,0.7374821305274963,14.726597299999412
83,0.09759667191816412,4.052407014185238e-05,0.0361502431333065,0.8192432522773743,25.908349990844727,0.10845349542796612,0.8545850515365601,0.8369693756103516,0.8465884923934937,0.7388299703598022,14.888388200000918
84,0.09610973687275597,3.599475610723571e-05,0.03579439967870712,0.8190475702285767,26.002666473388672,0.10837341472506523,0.8541039824485779,0.8367425799369812,0.8460150957107544,0.7393288016319275,15.241089900000588
85,0.09626597822036433,3.171710146118498e-05,0.03570904582738876,0.8198193907737732,25.9570369720459,0.10794482752680779,0.8556519150733948,0.8385186195373535,0.8477954268455505,0.7373112440109253,14.97525929999938
86,0.09716824174899122,2.7695327732388376e-05,0.03496368229389191,0.821236789226532,26.07926368713379,0.10686344653367996,0.8562548160552979,0.8395483493804932,0.8482790589332581,0.7408652901649475,15.073447799999485
87,0.09739220927914848,2.393340392596156e-05,0.035101402550935745,0.8205384016036987,26.069189071655273,0.10728150047361851,0.8553723096847534,0.8383647799491882,0.8477069735527039,0.7407095432281494,14.820065099998828
88,0.0971419088056554,2.043504260651886e-05,0.035537946969270706,0.8185846209526062,25.951488494873047,0.10847666300833225,0.8554795384407043,0.8377174735069275,0.8463005423545837,0.734840989112854,14.939913199999864
89,0.09673381851905066,1.7203696234320398e-05,0.036587994545698166,0.8177635073661804,25.83477783203125,0.10941224358975887,0.8546200394630432,0.8372395634651184,0.8460202217102051,0.733174204826355,14.93560460000117
90,0.09629596595692894,1.4242553758110325e-05,0.035506732761859894,0.8196213841438293,26.02371597290039,0.10794267430901527,0.8552489280700684,0.8378490209579468,0.8466615080833435,0.7387264370918274,14.986416499999905
91,0.09698044354824917,1.1554537468009602e-05,0.03553496673703194,0.8199502825737,25.97776222229004,0.10779234208166599,0.8553619384765625,0.8387481570243835,0.8476221561431885,0.7380684018135071,14.935954499998843
92,0.09576482459416856,9.14230011156839e-06,0.03536219894886017,0.8209760785102844,26.044225692749023,0.10719306021928787,0.8562052249908447,0.8392173051834106,0.8482327461242676,0.74024897813797,14.84556640000119
93,0.09606875033806199,7.0082222758245295e-06,0.03535616397857666,0.8203474879264832,26.036466598510742,0.10750433802604675,0.8557802438735962,0.8387103080749512,0.8479470014572144,0.73895263671875,14.91291530000126
94,0.09621100164140048,5.154410037951583e-06,0.03480902314186096,0.82058185338974,26.115833282470703,0.10711358487606049,0.8558283448219299,0.8386760950088501,0.8479225039482117,0.7399003505706787,14.887260200001037
95,0.09608171467223893,3.5826928868149417e-06,0.035688117146492004,0.8198150396347046,25.992107391357422,0.10793653875589371,0.8555105328559875,0.8384943604469299,0.8471116423606873,0.7381431460380554,14.809579699998721
96,0.09575163176202256,2.294621917486971e-06,0.03482694923877716,0.8214594125747681,26.11351203918457,0.10668376833200455,0.8565272688865662,0.8396161794662476,0.8487887382507324,0.7409054040908813,14.876728600000206
97,0.09589821877686874,1.2914683005037214e-06,0.03487034887075424,0.8209951519966125,26.13321304321289,0.10693759843707085,0.8559495806694031,0.838993489742279,0.8481334447860718,0.7409042119979858,14.876066200000423
98,0.0965790614971648,5.742220273729765e-07,0.03551022335886955,0.8190330266952515,26.001911163330078,0.10823859833180904,0.8549779057502747,0.8376777768135071,0.8465999364852905,0.7368765473365784,14.788645000000542
99,0.09665884174730467,1.4359093357210442e-07,0.0349314920604229,0.8203440308570862,26.103364944458008,0.10729373060166836,0.8556804656982422,0.8386545777320862,0.847495436668396,0.7395455837249756,14.841173300001174
100,0.09602474295736654,0.0,0.03537794202566147,0.8202906250953674,26.039396286010742,0.10754365846514702,0.8556804060935974,0.8386594653129578,0.8475151062011719,0.7393074035644531,14.821301000001768
