epoch,train_loss,lr,val_l1,val_ssim,val_psnr,val_score,val_ssim_occlusion,epoch_s
1,0.3313910820237968,0.0020794868227803605,0.14806634187698364,0.44182834029197693,14.352154731750488,0.35311900079250336,0.44182834029197693,16.624734999990324
2,0.28098836565471214,0.0020779477975654023,0.09055139869451523,0.5350559949874878,18.131444931030273,0.2777477018535137,0.5350559949874878,9.445999100003974
3,0.25986168071951554,0.002075384443187203,0.09342589229345322,0.5671682953834534,18.130277633666992,0.2631287984549999,0.5671682953834534,9.35160850000102
4,0.2412835423551176,0.002071799289367057,0.09115033596754074,0.5866460204124451,18.198638916015625,0.25225215777754784,0.5866460204124451,9.358487999998033
5,0.23147008778608363,0.002067195874218943,0.08353293687105179,0.6024774312973022,18.901643753051758,0.24052775278687477,0.6024774312973022,9.474731299997075
6,0.22381352025853551,0.002061578740757836,0.09886033833026886,0.5848779678344727,17.101808547973633,0.2569911852478981,0.5848779678344727,9.427927400000044
7,0.21855494882101598,0.0020549534324162968,0.08127512782812119,0.6292718648910522,19.234912872314453,0.22600163146853447,0.6292718648910522,9.508251499995822
8,0.21407411628119324,0.0020473264875737755,0.08788374066352844,0.6246923804283142,18.358810424804688,0.23159568011760712,0.6246923804283142,9.476114899996901
9,0.21175726721792118,0.00203870543310402,0.08501394093036652,0.6349122524261475,18.605716705322266,0.22505084425210953,0.6349122524261475,9.530824799992843
10,0.20857951287990031,0.002029098776946959,0.07962021231651306,0.6469067931175232,19.192020416259766,0.21635670959949493,0.6469067931175232,9.526511400006711
11,0.20428586143838323,0.002018515999712394,0.0816933661699295,0.6497901082038879,19.087099075317383,0.21595162898302078,0.6497901082038879,9.360756099995342
12,0.20461847722206428,0.0020069675453237806,0.11080309748649597,0.5985291600227356,15.569515228271484,0.2561369687318802,0.5985291600227356,9.425117399994633
13,0.20027294868360396,0.0019944648107113393,0.09566044807434082,0.6421146392822266,17.450485229492188,0.22677290439605713,0.6421146392822266,9.381991600006586
14,0.19837540064169012,0.0019810201345646593,0.0780845358967781,0.66246098279953,19.409391403198242,0.20781177654862404,0.66246098279953,9.255259199999273
15,0.19724419656331124,0.0019666467851559015,0.07898412644863129,0.6640816330909729,19.187101364135742,0.2074512466788292,0.6640816330909729,9.445466000004672
16,0.1959872623986524,0.001951358947245617,0.08809234946966171,0.6575812697410583,18.720951080322266,0.21525553986430168,0.6575812697410583,9.329897100004018
17,0.1941285616029864,0.0019351717080841005,0.07488584518432617,0.6709231734275818,19.594350814819336,0.2019813358783722,0.6709231734275818,9.36682799999835
18,0.19404794721175794,0.001918101042522095,0.07680661976337433,0.6714168787002563,19.50017547607422,0.202694870531559,0.6714168787002563,9.367932099994505
19,0.19170865157376166,0.0019001637972455435,0.07759905606508255,0.6694380044937134,19.54629135131836,0.20408052578568459,0.6694380044937134,9.438216299997293
20,0.19033538574433845,0.0018813776741499447,0.0765780359506607,0.6728911399841309,19.561054229736328,0.20184344798326492,0.6728911399841309,9.339446999991196
21,0.19022496878776862,0.0018617612128707173,0.07851701974868774,0.6718495488166809,19.07154083251953,0.20333373546600342,0.6718495488166809,9.469870200002333
22,0.18873505942199542,0.00184133377248682,0.07837174832820892,0.6827859282493591,19.436887741088867,0.1977929100394249,0.6827859282493591,9.46876269999484
23,0.18655064143240452,0.0018201155124156771,0.08332687616348267,0.6695259213447571,18.56353759765625,0.2069004774093628,0.6695259213447571,9.487981900005252
24,0.18487855735356393,0.0017981273725182672,0.07623863220214844,0.6840405464172363,19.597997665405273,0.19609904289245605,0.6840405464172363,9.431121800007531
25,0.18493923496292985,0.0017753910524340084,0.0765054002404213,0.6878435611724854,19.64064598083496,0.19433091953396797,0.6878435611724854,9.348656000001938
26,0.18296823820666128,0.0017519289901658354,0.07933222502470016,0.6813947558403015,19.26298713684082,0.19896873459219933,0.6813947558403015,9.344840899997507
27,0.18151543508081333,0.0017277643399365972,0.08021987229585648,0.6885751485824585,19.465930938720703,0.195822361856699,0.6885751485824585,9.288367500004824
28,0.17981520902527415,0.0017029209493386367,0.0783577412366867,0.6805358529090881,19.35650062561035,0.19891094416379929,0.6805358529090881,9.319927399992594
29,0.18050449187664883,0.001677423335799095,0.07365300506353378,0.6931431293487549,19.8245906829834,0.19025493785738945,0.6931431293487549,9.302541800003382
30,0.17847956368780654,0.0016512966623841716,0.07682890444993973,0.6909018158912659,19.241718292236328,0.19296354427933693,0.6909018158912659,9.414891099993838
31,0.1788419513436763,0.0016245667129662154,0.07360898703336716,0.6966201066970825,19.713184356689453,0.18849444016814232,0.6966201066970825,9.328504099990823
32,0.1774387286733026,0.0015972598667781557,0.0715729221701622,0.7011885643005371,20.06388282775879,0.18519217893481255,0.7011885643005371,9.300177600001916
33,0.17642461662383183,0.0015694030723803856,0.077484630048275,0.6890849471092224,19.14371109008789,0.1941998414695263,0.6890849471092224,9.46156970001175
34,0.1773871045721614,0.0015410238210657832,0.07214116305112839,0.701086699962616,19.920242309570312,0.1855272315442562,0.701086699962616,9.322577800005092
35,0.17586728258301382,0.001512150119729128,0.073480986058712,0.7017773389816284,19.802806854248047,0.1858518235385418,0.7017773389816284,9.739596100000199
36,0.17582597599729247,0.001482810463227675,0.0902329534292221,0.6729337573051453,17.593259811401367,0.20864959806203842,0.6729337573051453,9.406719500009785
37,0.17433967846243278,0.0014530338062601713,0.07252296060323715,0.7026603817939758,19.847156524658203,0.18493128940463066,0.7026603817939758,9.228461199993035
38,0.17456757090985775,0.001422849534792065,0.07313672453165054,0.70005863904953,19.678863525390625,0.18653904274106026,0.70005863904953,9.297637599986047
39,0.17343545202975688,0.001392287437055103,0.07437311857938766,0.7034509181976318,19.921838760375977,0.18546110019087791,0.7034509181976318,9.31791169999633
40,0.17277541918599088,0.001361377674149945,0.07202634960412979,0.7051154971122742,20.035751342773438,0.1834554262459278,0.7051154971122742,9.365461699999287
41,0.17271782927539037,0.0013301507502807982,0.07897287607192993,0.6951083540916443,19.069265365600586,0.19193226099014282,0.6951083540916443,9.446638800000073
42,0.17126114739348058,0.0012986374826514484,0.07224486023187637,0.7071633338928223,19.878543853759766,0.18254076316952705,0.7071633338928223,9.366307200005394
43,0.17177510520686273,0.001266868971052404,0.07598137855529785,0.6992027163505554,19.2944393157959,0.18838933110237122,0.6992027163505554,9.312865900006727
44,0.1710038668597522,0.0012348765671691534,0.07345377653837204,0.7046461701393127,19.5595645904541,0.18440380319952965,0.7046461701393127,9.377932599993073
45,0.1710555963218212,0.0012026918436418399,0.0720914825797081,0.7115646004676819,19.849889755249023,0.1802634410560131,0.7115646004676819,9.350325799998245
46,0.16742596799588721,0.0011703465629068763,0.06432288140058517,0.7116230130195618,20.673616409301758,0.1763499341905117,0.7116230130195618,9.444978500003344
47,0.16420861689940744,0.0011378726458512545,0.06426359713077545,0.7118496298789978,20.587587356567383,0.17620698362588882,0.7118496298789978,9.41571900001145
48,0.16308822774368784,0.0011053021403104857,0.062386564910411835,0.7139396667480469,20.82281494140625,0.17422344908118248,0.7139396667480469,9.327291900001
49,0.1618034438756497,0.0010726671894412533,0.06598947197198868,0.7143488526344299,20.58368682861328,0.17582030966877937,0.7143488526344299,9.395178100006888
50,0.16109760761584924,0.00104,0.060238067060709,0.7178274989128113,21.0753116607666,0.17120528407394886,0.7178274989128113,9.228632099999231
51,0.16013138425414977,0.0010073328105587465,0.057796068489551544,0.7202228903770447,21.293272018432617,0.16878658905625343,0.7202228903770447,9.386762300011469
52,0.1605639310310716,0.0009746978596895141,0.06269405037164688,0.7204800248146057,20.65187644958496,0.17110701277852058,0.7204800248146057,9.196512900001835
53,0.15740423847961685,0.000942127354148745,0.05903787165880203,0.7219746708869934,21.025671005249023,0.1685316003859043,0.7219746708869934,9.364265199998044
54,0.1583648155564847,0.0009096534370931236,0.05658363178372383,0.7255200743675232,21.3907413482666,0.16553177870810032,0.7255200743675232,9.304803599996376
55,0.15780516924417537,0.0008773081563581597,0.06361658871173859,0.7168509364128113,20.37335777282715,0.17338282614946365,0.7168509364128113,9.274233400006779
56,0.1568061133198764,0.0008451234328308463,0.060540374368429184,0.7199937701225281,20.8377685546875,0.17027330212295055,0.7199937701225281,9.089968500004034
57,0.15646751557031405,0.000813131028947596,0.06188725307583809,0.7167307734489441,21.042436599731445,0.172578239813447,0.7167307734489441,9.176527599993278
58,0.1558820444928563,0.0007813625173485509,0.05599014833569527,0.7268804311752319,21.489110946655273,0.16455485858023167,0.7268804311752319,9.287826700005098
59,0.1551749335358972,0.0007498492497192016,0.06429681926965714,0.7254541516304016,20.76825523376465,0.16942133381962776,0.7254541516304016,9.093499199996586
60,0.15495306010479512,0.000718622325850055,0.05638774484395981,0.7254310250282288,21.532623291015625,0.16547835990786552,0.7254310250282288,9.378880299991579
61,0.1548186528455952,0.000687712562944897,0.05576175078749657,0.7290801405906677,21.408554077148438,0.16334080509841442,0.7290801405906677,9.295571700000437
62,0.15436651492896286,0.0006571504652079352,0.05591574311256409,0.7294828295707703,21.471986770629883,0.1632164567708969,0.7294828295707703,9.414432799996575
63,0.15448992059606573,0.0006269661937398281,0.05725075304508209,0.7281846404075623,21.171981811523438,0.16453305631875992,0.7281846404075623,9.294672400006675
64,0.15362699540412944,0.0005971895367723244,0.0630650445818901,0.7199657559394836,20.252548217773438,0.17154964432120323,0.7199657559394836,9.412198899997748
65,0.15211916362623806,0.0005678498802708714,0.05567396059632301,0.7307669520378113,21.2679500579834,0.16245350427925587,0.7307669520378113,9.35921270000108
66,0.15183862274431664,0.000538976178934216,0.05574464425444603,0.7300333976745605,21.31818389892578,0.16285562328994274,0.7300333976745605,9.37283049999678
67,0.15247310276912607,0.0005105969276196139,0.057154469192028046,0.7320245504379272,21.389442443847656,0.1625649593770504,0.7320245504379272,9.219304999991436
68,0.1526748460272084,0.00048274013322184334,0.05425050109624863,0.7346764206886292,21.601268768310547,0.15978704020380974,0.7346764206886292,9.478050500008976
69,0.15194523998576662,0.0004554332870337842,0.05798995494842529,0.7304526567459106,21.0678768157959,0.16376864910125732,0.7304526567459106,9.434777800008305
70,0.15098778871090515,0.0004287033376158282,0.058605555444955826,0.7273722290992737,20.769237518310547,0.16561666317284107,0.7273722290992737,9.487205199999153
71,0.15074314322808516,0.0004025766642009045,0.05368562787771225,0.7329242825508118,21.622283935546875,0.16038067266345024,0.7329242825508118,9.397524799991515
72,0.1509691318092139,0.0003770790506613628,0.05408942699432373,0.7347407341003418,21.620620727539062,0.15967434644699097,0.7347407341003418,9.400125600004685
73,0.15093433431795109,0.0003522356600634024,0.05326197296380997,0.7348751425743103,21.630983352661133,0.15919341519474983,0.7348751425743103,9.335479999994277
74,0.15068782971281072,0.0003280710098341639,0.05655793473124504,0.7288382053375244,21.584630966186523,0.1638598646968603,0.7288382053375244,9.354924800005392
75,0.15094923098450122,0.00030460894756599084,0.05495024845004082,0.7333922982215881,21.36125946044922,0.16077897511422634,0.7333922982215881,9.335037299999385
76,0.14972539363509935,0.0002818726274817324,0.0537906251847744,0.7353079319000244,21.6159610748291,0.159241346642375,0.7353079319000244,9.330199100004393
77,0.14999975960539735,0.0002598844875843223,0.05403318628668785,0.7352061867713928,21.4211483001709,0.15941349975764751,0.7352061867713928,9.419503299999633
78,0.1503212555999989,0.00023866622751317945,0.059543002396821976,0.7288865447044373,20.655296325683594,0.16532822884619236,0.7288865447044373,9.37932359999104
79,0.14941340356903232,0.0002182387871292821,0.05384150892496109,0.7358118891716003,21.5511417388916,0.15901480987668037,0.7358118891716003,9.423056799991173
80,0.14882348591218825,0.0001986223258500549,0.05377443879842758,0.7331591248512268,21.502302169799805,0.1603076569736004,0.7331591248512268,9.331254599994281
81,0.14975066924386699,0.00017983620275445602,0.05280282348394394,0.7371709942817688,21.68695831298828,0.15781591460108757,0.7371709942817688,9.423020500005805
82,0.14906029978200144,0.00016189895747790463,0.07145494222640991,0.7082935571670532,18.60188865661621,0.18158069252967834,0.7082935571670532,9.31319070000609
83,0.1484950818931279,0.00014482829191589857,0.053346261382102966,0.7368625402450562,21.589916229248047,0.1582418605685234,0.7368625402450562,9.397833700000774
84,0.14870735043254885,0.00012864105275438195,0.061895474791526794,0.7230970859527588,20.002948760986328,0.169399194419384,0.7230970859527588,9.270192800002405
85,0.14868242767356013,0.00011335321484409756,0.055688921362161636,0.7360133528709412,21.37847328186035,0.15983778424561024,0.7360133528709412,9.407191599995713
86,0.14841008518377077,9.897986543533992e-05,0.05246597155928612,0.7381067872047424,21.71087646484375,0.15717959217727184,0.7381067872047424,9.375296999991406
87,0.14820561347448308,8.553518928865989e-05,0.05256570875644684,0.7377647161483765,21.674880981445312,0.1574004963040352,0.7377647161483765,9.360633899996174
88,0.14798406183557666,7.303245467621863e-05,0.05245095118880272,0.7382884621620178,21.78493881225586,0.15708124451339245,0.7382884621620178,9.38446990000375
89,0.1477071105947961,6.148400028760556e-05,0.05238145962357521,0.7378493547439575,21.749109268188477,0.15726605243980885,0.7378493547439575,9.362469400002738
90,0.14851639136348083,5.090122305304035e-05,0.05282815545797348,0.7383598685264587,21.67877197265625,0.15723414346575737,0.7383598685264587,9.345645499997772
91,0.14907701086738837,4.1294566895979345e-05,0.05260645970702171,0.7381767630577087,21.737110137939453,0.1572148483246565,0.7381767630577087,9.343146100000013
92,0.14814685386322116,3.267351242622381e-05,0.05315482243895531,0.7369687557220459,21.682422637939453,0.1580930333584547,0.7369687557220459,9.41951120000158
93,0.14773527921541876,2.5046567583702796e-05,0.052989378571510315,0.7372980713844299,21.642602920532227,0.1578456535935402,0.7372980713844299,9.405374699999811
94,0.14824131086630665,1.842125924216374e-05,0.0584203377366066,0.7304515242576599,20.648038864135742,0.16398440673947334,0.7304515242576599,9.32415219998802
95,0.14799834625876468,1.280412578105684e-05,0.05244281142950058,0.7383430600166321,21.730663299560547,0.15704987570643425,0.7383430600166321,9.419837199995527
96,0.14733560780144256,8.200710632943129e-06,0.05292440578341484,0.7384395003318787,21.721101760864258,0.1572424527257681,0.7384395003318787,9.481243899994297
97,0.14778748794418314,4.615556812796806e-06,0.052410390228033066,0.7383370399475098,21.72757911682129,0.15703667514026165,0.7383370399475098,9.78655710000021
98,0.14830394093271182,2.05220243459758e-06,0.052772507071495056,0.7383041381835938,21.715261459350586,0.15723418444395065,0.7383041381835938,9.62495170001057
99,0.1473543635448036,5.131772196391362e-07,0.05227871984243393,0.7384807467460632,21.730852127075195,0.15689898654818535,0.7384807467460632,9.485169999999925
100,0.14744374658102574,0.0,0.05238619074225426,0.7390952110290527,21.764867782592773,0.15664548985660076,0.7390952110290527,9.43638679999276
