epoch,train_loss,lr,val_l1,val_ssim,val_psnr,val_score,val_ssim_salt,epoch_s
1,0.29065965861082077,0.0020794868227803605,0.09632918238639832,0.5395753383636475,17.871274948120117,0.2783769220113754,0.5395753383636475,14.396039799990831
2,0.22393685555004555,0.0020779477975654023,0.07848460972309113,0.6200059652328491,19.768217086791992,0.229239322245121,0.6200059652328491,9.074473399989074
3,0.19833356911397498,0.002075384443187203,0.07490638643503189,0.6669002771377563,20.155027389526367,0.20400305464863777,0.6669002771377563,8.97120499999437
4,0.18417668844694676,0.002071799289367057,0.07829514145851135,0.6781949400901794,20.062673568725586,0.20005010068416595,0.6781949400901794,9.057453600005829
5,0.17425661938993828,0.002067195874218943,0.08041524142026901,0.6674930453300476,19.805530548095703,0.2064610980451107,0.6674930453300476,8.91356819999055
6,0.16748553700745106,0.002061578740757836,0.0783551037311554,0.6762145757675171,19.947237014770508,0.20107026398181915,0.6762145757675171,8.932680700003402
7,0.16223674089364384,0.0020549534324162968,0.06988277286291122,0.7321735620498657,20.943159103393555,0.16885460540652275,0.7321735620498657,8.969607099992572
8,0.15798092431024366,0.0020473264875737755,0.07046472281217575,0.7287294268608093,20.7731990814209,0.1708676479756832,0.7287294268608093,9.013240899992525
9,0.1551894402212423,0.00203870543310402,0.06579553335905075,0.729181706905365,21.381200790405273,0.16830691322684288,0.729181706905365,8.959853500011377
10,0.15195607677426026,0.002029098776946959,0.09775598347187042,0.7116641402244568,18.27733039855957,0.19304592162370682,0.7116641402244568,9.02380360000825
11,0.14790884324389955,0.002018515999712394,0.06928476691246033,0.7471413016319275,21.01546859741211,0.16107173264026642,0.7471413016319275,8.977443599986145
12,0.14614727846144335,0.0020069675453237806,0.06933388859033585,0.7517809867858887,21.055858612060547,0.1587764509022236,0.7517809867858887,9.052796400006628
13,0.1411953276509176,0.0019944648107113393,0.06260523945093155,0.7620819211006165,21.78199577331543,0.15026165917515755,0.7620819211006165,8.936258300003828
14,0.13902088214197886,0.0019810201345646593,0.06399175524711609,0.7678017020225525,21.825233459472656,0.1480950266122818,0.7678017020225525,8.987538100001984
15,0.13950070588970961,0.0019666467851559015,0.06369674950838089,0.7593452334403992,21.669042587280273,0.15217575803399086,0.7593452334403992,9.04948410000361
16,0.1361266551134379,0.001951358947245617,0.06188783794641495,0.7719006538391113,21.898616790771484,0.1449935920536518,0.7719006538391113,8.979579399994691
17,0.13491581590927165,0.0019351717080841005,0.07049975544214249,0.7433262467384338,20.84870719909668,0.16358675435185432,0.7433262467384338,9.018085499992594
18,0.1340765700797024,0.001918101042522095,0.08313445746898651,0.7504246830940247,19.767602920532227,0.16635488718748093,0.7504246830940247,9.026173099991865
19,0.13224249551801578,0.0019001637972455435,0.06704840809106827,0.7758642435073853,21.250484466552734,0.1455920822918415,0.7758642435073853,8.97408249998989
20,0.12996504767595426,0.0018813776741499447,0.06118439510464668,0.7812865972518921,21.952892303466797,0.1399488989263773,0.7812865972518921,8.998528900003294
21,0.12994220152335323,0.0018617612128707173,0.06230494752526283,0.785474956035614,21.878944396972656,0.1384149957448244,0.785474956035614,8.957671199998003
22,0.1287642506396641,0.00184133377248682,0.07413390278816223,0.7748026847839355,20.43714714050293,0.14966560900211334,0.7748026847839355,8.97612520000257
23,0.1268749780467023,0.0018201155124156771,0.05932077765464783,0.786849319934845,22.260513305664062,0.13623572885990143,0.786849319934845,8.982435700003407
24,0.1251876372034135,0.0017981273725182672,0.06350848078727722,0.7866263389587402,21.87643814086914,0.1384410709142685,0.7866263389587402,9.083048000000417
25,0.12467912058143513,0.0017753910524340084,0.06603849679231644,0.7771779894828796,21.31251335144043,0.1444302536547184,0.7771779894828796,9.017635399999563
26,0.1241640736065481,0.0017519289901658354,0.05951173976063728,0.793403148651123,22.33909797668457,0.13305429555475712,0.793403148651123,9.04920989999664
27,0.12305838076154822,0.0017277643399365972,0.06218285113573074,0.7830145359039307,21.924009323120117,0.13958415761590004,0.7830145359039307,9.006406999993487
28,0.12102648984316898,0.0017029209493386367,0.05652329698204994,0.7978004217147827,22.70375633239746,0.1293614376336336,0.7978004217147827,9.025447299994994
29,0.12062059221384318,0.001677423335799095,0.05659417435526848,0.7951238751411438,22.718734741210938,0.13073514960706234,0.7951238751411438,9.036236400002963
30,0.11664140605084274,0.0016512966623841716,0.0511162169277668,0.7933090925216675,23.302135467529297,0.12890356220304966,0.7933090925216675,9.110283400004846
31,0.11297980736455192,0.0016245667129662154,0.045929837971925735,0.8037344813346863,24.29412078857422,0.12109767831861973,0.8037344813346863,8.986596299990197
32,0.11130223986085343,0.0015972598667781557,0.047244176268577576,0.8020532727241516,23.985244750976562,0.12259545177221298,0.8020532727241516,8.982545899998513
33,0.11009051379464242,0.0015694030723803856,0.06282477080821991,0.7954580783843994,21.72842025756836,0.13368334621191025,0.7954580783843994,9.018709700001637
34,0.1087477026588243,0.0015410238210657832,0.04927226901054382,0.809906005859375,23.789203643798828,0.11968313157558441,0.809906005859375,9.054059499991126
35,0.10632388727010592,0.001512150119729128,0.04806847497820854,0.8110033869743347,23.949121475219727,0.11853254400193691,0.8110033869743347,8.966763899996295
36,0.10577663179972897,0.001482810463227675,0.05950102210044861,0.8023450970649719,22.467578887939453,0.12857796251773834,0.8023450970649719,9.008807899997919
37,0.10530023685777964,0.0014530338062601713,0.05125608667731285,0.8139653205871582,23.4289493560791,0.11864538304507732,0.8139653205871582,8.97330929999589
38,0.1038833858202333,0.001422849534792065,0.0457393079996109,0.8164965510368347,24.279041290283203,0.11462137848138809,0.8164965510368347,8.99907359998906
39,0.10341311505307323,0.001392287437055103,0.060517311096191406,0.8027653694152832,22.058019638061523,0.1288759708404541,0.8027653694152832,8.965643399991677
40,0.10145639263741348,0.001361377674149945,0.04266712814569473,0.8248072862625122,24.90010643005371,0.10892992094159126,0.8248072862625122,8.993734899995616
41,0.10171608525611785,0.0013301507502807982,0.04270825535058975,0.8210078477859497,25.04063606262207,0.11085020378232002,0.8210078477859497,9.080005299998447
42,0.10136080618299868,0.0012986374826514484,0.042924974113702774,0.8217579126358032,24.95556640625,0.11058353073894978,0.8217579126358032,8.914647400000831
43,0.10159372716494229,0.001266868971052404,0.04830942302942276,0.8142873644828796,23.852741241455078,0.11701102927327156,0.8142873644828796,8.98106540000299
44,0.10062829838336809,0.0012348765671691534,0.04172592982649803,0.8193992376327515,25.13147735595703,0.11116334609687328,0.8193992376327515,9.084162099999958
45,0.09912854987804008,0.0012026918436418399,0.039553526788949966,0.830950915813446,25.50603485107422,0.10430130548775196,0.830950915813446,8.992216899991035
46,0.09863018936923017,0.0011703465629068763,0.042982522398233414,0.8250620365142822,24.9250545501709,0.1089602429419756,0.8250620365142822,8.986966800002847
47,0.09780450768606819,0.0011378726458512545,0.040060508996248245,0.8159512281417847,25.353626251220703,0.11205464042723179,0.8159512281417847,8.972329199998057
48,0.09703342349308988,0.0011053021403104857,0.04132656008005142,0.8284547328948975,25.25695037841797,0.10643591359257698,0.8284547328948975,9.04009570000926
49,0.09718285901876896,0.0010726671894412533,0.04099222272634506,0.8275923728942871,25.23258399963379,0.10669992491602898,0.8275923728942871,8.973049499996705
50,0.09706244463829891,0.00104,0.0461159385740757,0.8230573534965515,24.190671920776367,0.11152929253876209,0.8230573534965515,9.017831600009231
51,0.0957956205567588,0.0010073328105587465,0.03920156881213188,0.8303161859512329,25.50992202758789,0.10444269143044949,0.8303161859512329,9.074462399992626
52,0.09599369509226602,0.0009746978596895141,0.03950422629714012,0.8313353061676025,25.525390625,0.10408446006476879,0.8313353061676025,8.995489499997348
53,0.09489412435694881,0.000942127354148745,0.04204146936535835,0.8325322866439819,25.09823226928711,0.10475459136068821,0.8325322866439819,9.078970500006108
54,0.09531612418915915,0.0009096534370931236,0.049231186509132385,0.8264322876930237,23.87501335144043,0.11139944940805435,0.8264322876930237,9.058168500007014
55,0.09502750764722409,0.0008773081563581597,0.04309895634651184,0.82618248462677,24.815855026245117,0.10845823585987091,0.82618248462677,9.056885500001954
56,0.09379657900527767,0.0008451234328308463,0.04263642430305481,0.8255096673965454,25.05096435546875,0.1085633784532547,0.8255096673965454,8.968181799995364
57,0.09336467192548772,0.000813131028947596,0.0420617014169693,0.8301993608474731,25.121244430541992,0.10593117028474808,0.8301993608474731,9.071076599997468
58,0.09355124794756589,0.0007813625173485509,0.045464515686035156,0.8274250030517578,24.44293212890625,0.10901975631713867,0.8274250030517578,8.988562599988654
59,0.09285927713727174,0.0007498492497192016,0.04086720943450928,0.8301035761833191,25.35231590270996,0.10538181662559509,0.8301035761833191,9.015960999997333
60,0.09287444008109362,0.000718622325850055,0.04579662159085274,0.8270617127418518,24.54911231994629,0.10936745442450047,0.8270617127418518,8.993010599995614
61,0.09259136021137238,0.000687712562944897,0.03978748247027397,0.8358346819877625,25.480955123901367,0.10197640024125576,0.8358346819877625,9.063592099992093
62,0.09163567500755838,0.0006571504652079352,0.03831524774432182,0.8344571590423584,25.835973739624023,0.10192904435098171,0.8344571590423584,8.95250469999155
63,0.09226993702190078,0.0006269661937398281,0.042250897735357285,0.8365659117698669,25.08552360534668,0.10284249298274517,0.8365659117698669,8.965640899987193
64,0.0919257934893603,0.0005971895367723244,0.03834101930260658,0.8382269144058228,25.753276824951172,0.10005705244839191,0.8382269144058228,9.012215099995956
65,0.09133665243406659,0.0005678498802708714,0.042767103761434555,0.8320291638374329,24.967819213867188,0.10536896996200085,0.8320291638374329,9.064345100006904
66,0.09083010369668836,0.000538976178934216,0.03861481323838234,0.8354706764221191,25.7733211517334,0.1015720684081316,0.8354706764221191,8.95366370001284
67,0.09092036128530036,0.0005105969276196139,0.04375423118472099,0.8325309753417969,24.745189666748047,0.10561162792146206,0.8325309753417969,8.974131099996157
68,0.09075898049480241,0.00048274013322184334,0.037360042333602905,0.84001225233078,25.97344207763672,0.09867389500141144,0.84001225233078,9.002974200004246
69,0.0909944469028193,0.0004554332870337842,0.04100237041711807,0.8363350033760071,25.307266235351562,0.1023336835205555,0.8363350033760071,8.972369700000854
70,0.09014900988372772,0.0004287033376158282,0.039264239370822906,0.8379984498023987,25.679515838623047,0.10063289478421211,0.8379984498023987,9.10161660000449
71,0.08937185115950264,0.0004025766642009045,0.03690556436777115,0.8369752764701843,26.111499786376953,0.09996514394879341,0.8369752764701843,8.982605500001227
72,0.08959815436569245,0.0003770790506613628,0.03810443729162216,0.8403351902961731,25.82081413269043,0.09888462349772453,0.8403351902961731,9.101044899987755
73,0.08966443319197583,0.0003522356600634024,0.03736312687397003,0.8388069868087769,26.0444278717041,0.09927807003259659,0.8388069868087769,9.032310300011886
74,0.08893692890263122,0.0003280710098341639,0.0391392819583416,0.8377801775932312,25.753742218017578,0.1006795521825552,0.8377801775932312,9.14712240001245
75,0.08905909765187812,0.00030460894756599084,0.04039880633354187,0.8396954536437988,25.371915817260742,0.10035167634487152,0.8396954536437988,9.0003149999975
76,0.08880330516916254,0.0002818726274817324,0.03702932223677635,0.8410919308662415,26.046628952026367,0.09796869568526745,0.8410919308662415,9.013416599991615
77,0.08841719429778017,0.0002598844875843223,0.03895675763487816,0.8382402658462524,25.7465877532959,0.10035824589431286,0.8382402658462524,9.125258800006122
78,0.08817649551707765,0.00023866622751317945,0.037370890378952026,0.8393175005912781,26.046422958374023,0.09902669489383698,0.8393175005912781,8.995540100004291
79,0.08815881869067317,0.0002182387871292821,0.03757663071155548,0.8406211137771606,25.92180633544922,0.09847775846719742,0.8406211137771606,9.04043890000321
80,0.08783836776147717,0.0001986223258500549,0.03759869560599327,0.8427733778953552,25.957046508789062,0.09741265885531902,0.8427733778953552,9.024766399990767
81,0.08761753303849179,0.00017983620275445602,0.03624538704752922,0.84224933385849,26.225805282592773,0.09699802659451962,0.84224933385849,9.158897899993462
82,0.08770681508695302,0.00016189895747790463,0.039752885699272156,0.839791476726532,25.515466690063477,0.09998070448637009,0.839791476726532,9.154920500004664
83,0.08750413730740547,0.00014482829191589857,0.0384148471057415,0.8420674800872803,25.77015495300293,0.09817368350923061,0.8420674800872803,9.233669900000677
84,0.08731005288174619,0.00012864105275438195,0.03627708554267883,0.8421607613563538,26.21909523010254,0.09705816209316254,0.8421607613563538,9.150178700001561
85,0.0872400869898822,0.00011335321484409756,0.038779500871896744,0.8423572778701782,25.761615753173828,0.09821111150085926,0.8423572778701782,9.31968169999891
86,0.08714610945595347,9.897986543533992e-05,0.03649139404296875,0.8427899479866028,26.184955596923828,0.09685072302818298,0.8427899479866028,9.24139200001082
87,0.0869924163688784,8.553518928865989e-05,0.03605837747454643,0.8436976671218872,26.262378692626953,0.09618035517632961,0.8436976671218872,9.209751100002904
88,0.08700118185547383,7.303245467621863e-05,0.03687641769647598,0.8426687121391296,26.12929916381836,0.09710385277867317,0.8426687121391296,9.189740400004666
89,0.08684621905179127,6.148400028760556e-05,0.03640664741396904,0.8429656028747559,26.18404197692871,0.09672052226960659,0.8429656028747559,9.241488400002709
90,0.08713679052079501,5.090122305304035e-05,0.03729182854294777,0.8423682451248169,26.01774787902832,0.09746179170906544,0.8423682451248169,9.218733699992299
91,0.08678780010213023,4.1294566895979345e-05,0.036456186324357986,0.8427238464355469,26.201156616210938,0.09686616994440556,0.8427238464355469,9.172540500003379
92,0.08677729692957971,3.267351242622381e-05,0.03717847168445587,0.8415951132774353,26.1030216217041,0.09779167920351028,0.8415951132774353,9.28337210000609
93,0.08647535332357106,2.5046567583702796e-05,0.03622192516922951,0.8420562148094177,26.25169563293457,0.09708285517990589,0.8420562148094177,9.211714199991548
94,0.08653674906362659,1.842125924216374e-05,0.0366327129304409,0.8436018228530884,26.16197395324707,0.09651544503867626,0.8436018228530884,9.248688400009996
95,0.0865714076258566,1.280412578105684e-05,0.03602379187941551,0.8442634344100952,26.25110626220703,0.09588017873466015,0.8442634344100952,9.209262800010038
96,0.0864844032684746,8.200710632943129e-06,0.03665947541594505,0.8431227207183838,26.154254913330078,0.09676837734878063,0.8431227207183838,9.138388899998972
97,0.08638899064744296,4.615556812796806e-06,0.036036018282175064,0.843501627445221,26.269184112548828,0.09626719541847706,0.843501627445221,9.232052699997439
98,0.08643785815524019,2.05220243459758e-06,0.03668389469385147,0.8427871465682983,26.16143035888672,0.09694837406277657,0.8427871465682983,9.125137400013045
99,0.08677724983705126,5.131772196391362e-07,0.03596341237425804,0.8436782956123352,26.276565551757812,0.09614255838096142,0.8436782956123352,9.247323000003234
100,0.08622970804572105,0.0,0.036592353135347366,0.8434451818466187,26.166034698486328,0.09657358564436436,0.8434451818466187,9.129086799992365
